序号,字段代码,字段名称,展示名称,层级,单位代码,单位说明,公式,2025三季报,2025半年报,2025一季报,2024年报,2024三季报,2024半年报,2024一季报,2023年报,2023三季报,2023半年报,2023一季报,2022年报,2022三季报,2022半年报,2022一季报,2021年报,2021三季报,2021半年报,2021一季报,2020年报,2020三季报,2020半年报,2020一季报,2019年报,2019三季报,2019半年报,2019一季报,2018年报,2018三季报,2018半年报,2018一季报,2017年报,2017三季报,2017半年报,2017一季报,2016年报,2016三季报,2016半年报,2016一季报,2015年报,2015三季报,2015半年报,2015一季报,2014年报,2014三季报,2014半年报,2014一季报,2013年报,2013三季报,2013半年报,2013一季报,2012年报,2012三季报,2012半年报,2012一季报,2011年报,2011三季报,2011半年报,2011一季报,2010年报,2010三季报,2010半年报,2010一季报,2009年报,2009三季报,2009半年报,2009一季报,2008年报,2008三季报,2008半年报,2008一季报,2007年报,2007三季报,2007半年报,2007一季报,2006年报,2006三季报,2006半年报,2006一季报,2005年报,2005三季报,2005半年报,2005一季报,2004年报,2004三季报,2004半年报,2004一季报,2003年报,2003一季报
1,CF_OPERATE_A,经营活动产生的现金流量,经营活动产生的现金流量,1,3,分组/标题,,,,,,,,,,,,,,,,,,,,,,,,,,,,,,,,,,,,,,,,,,,,,,,,,,,,,,,,,,,,,,,,,,,,,,,,,,,,,,,,,,,,,,,,,,
2,CFrSaleGS,销售商品、提供劳务收到的现金,销售商品、提供劳务收到的现金,2,0,金额类,,68938167805.42,39395521233.7,19020714943.48,94910070204.68,71355812909.77,36208094002.07,18385232886.17,96267868544.11,56744894380.45,37090461848.7,13060820787.08,71280788590.49,54359702168.43,31390119094.64,11386511000.21,62861271803.49,39979436766.73,21612113496.8,10725085356.68,65699895013.35,43182993139.3,19809515746.39,8468644365.75,56423104095.88,39912755467.55,21164687243.53,9087026482.33,60109682551.25,42221284201.36,20712087277.74,9579228877.49,58277210212.78,39780027635.03,20549426965.94,8884375512.33,57256635482.06,41168126072.38,20647339597.85,9111323038.01,55663985457.36,37017053491.34,20130006250.58,4371263320.23,30934580303.26,20265698311.28,9708090367.94,4057346073.43,26507219988.82,19542925725.2,9156858118.39,3897963094.4,30535202648.07,21388285811.14,9951043231.92,4249981172.49,24658977802.39,15522948991.55,8643980618.03,3892230973.54,25369522411.53,15341807255.68,7446514516.54,3261187730.78,24711767769.51,15681972254.57,8422571577.29,3745582088.23,23047636415.28,13100889291.7,6510846930.47,2560379972.3,17071830717.07,10297877532.94,5327007715.33,1725029431.99,14959320540.75,9340021555.45,5171316476.85,1709292175.44,14751331301.62,8725837451.66,4846399362.71,1716642706.12,11133736046.55,6625337985.7,3284512978.81,668690944.07,3460193106.6,316094667.84
3,NDeposIncrCFI,客户存款和同业存放款项净增加额,客户存款和同业存放款项净增加额,2,0,金额类,,,,,,,,,,,,,,,,,,,,,,,,,,,,,,,,,,,,,,,,,,,,,,,,,,,,,,,,,,,,,,,,,,,,,,,,,,,,,,,,,,,,,,,,,,
4,NIncrBorrFrCB,向中央银行借款净增加额,向中央银行借款净增加额,2,0,金额类,,,,,,,,,,,,,,,,,,,,,,,,,,,,,,,,,,,,,,,,,,,,,,,,,,,,,,,,,,,,,,,,,,,,,,,,,,,,,,,,,,,,,,,,,,
5,NIncBorrOthFI,向其他金融机构拆入资金净增加额,向其他金融机构拆入资金净增加额,2,0,金额类,,,,,,,,,,,,,,,,,,,,,,,,,,,,,,,,,,,,,,,,,,,,,,,,,,,,,,,,,,,,,,,,,,,,,,,,,,,,,,,,,,,,,,,,,,
6,premFrOrigContr,收到原保险合同保费取得的现金,收到原保险合同保费取得的现金,2,0,金额类,,,,,,,,,,,,,,,,,,,,,,,,,,,,,,,,,,,,,,,,,,,,,,,,,,,,,,,,,,,,,,,,,,,,,,,,,,,,,,,,,,,,,,,,,,
7,NReinsurPrem,收到再保险业务现金净额,收到再保险业务现金净额,2,0,金额类,,,,,,,,,,,,,,,,,,,,,,,,,,,,,,,,,,,,,,,,,,,,,,,,,,,,,,,,,,,,,,,,,,,,,,,,,,,,,,,,,,,,,,,,,,
8,NIncPhDeposInv,保户储金及投资款净增加额,保户储金及投资款净增加额,2,0,金额类,,,,,,,,,,,,,,,,,,,,,,,,,,,,,,,,,,,,,,,,,,,,,,,,,,,,,,,,,,,,,,,,,,,,,,,,,,,,,,,,,,,,,,,,,,
9,NIncDispTradFA,处置交易性金融资产净增加额,处置交易性金融资产净增加额,2,0,金额类,,,,,,,,,,,,,,,,,,,,,,,,,,,,,,,,,,,,,,,,,,,,,,,,,,,,,,,,,,,,,,,,,,,,,,,,,,,,,,,,,,,,,,,,,,
10,IFCCashIncr,收取利息、手续费及佣金的现金,收取利息、手续费及佣金的现金,2,0,金额类,,,,,,,,,,,,,,,,,,,,,,,,,,,,,,,,,,,,,,,,,,,,,,,,,,,,,,,,,,,,,,,,,,,,,,,,,,,,,,,,,,,,,,,,,,
11,NIncFrBorr,拆入资金净增加额,拆入资金净增加额,2,0,金额类,,,,,,,,,,,,,,,,,,,,,,,,,,,,,,,,,,,,,,,,,,,,,,,,,,,,,,,,,,,,,,,,,,,,,,,,,,,,,,,,,,,,,,,,,,
12,NCApIncrRepur,回购业务资金净增加额,回购业务资金净增加额,2,0,金额类,,,,,,,,,,,,,,,,,,,,,,,,,,,,,,,,,,,,,,,,,,,,,,,,,,,,,,,,,,,,,,,,,,,,,,,,,,,,,,,,,,,,,,,,,,
13,refundOfTax,收到的税费返还,收到的税费返还,2,0,金额类,,97650.0,,,5496922.7,4031143.51,4031143.51,,4285513.8,2151635.09,2118112.0,,2946593976.34,2940441644.57,88905325.84,,,,,,,,,,,,,,598288870.92,598578112.44,598288870.92,598288870.92,2290638487.36,1971729865.42,965891864.8,525251786.19,2870679180.56,1781337506.64,1139743948.58,816038787.41,3430052521.8,2222431689.11,1408121816.9,589836440.26,1880688022.24,1274546689.82,591746760.36,299138677.18,1995021463.32,1410649530.7,716003064.79,426262909.0,2135704708.55,1430026843.08,671373002.65,376819374.4,1719639030.76,1184893574.94,635269940.86,339363212.24,1846780565.23,1158135076.96,516417631.84,272492543.85,810591465.93,488598489.72,261591627.16,135493951.41,725542273.79,469394841.97,226424738.82,105086993.53,742223752.83,475387613.5,214507172.72,99883721.63,619805757.55,438911488.07,231801350.2,116701288.31,633659731.32,387493213.19,189717798.16,102386604.26,512872246.15,412144041.1,234171810.33,100772621.03,218525831.0,12742128.61
14,CFrOthOperateA,收到其他与经营活动有关的现金,收到其他与经营活动有关的现金,2,0,金额类,,379985618.98,243513400.58,112336018.32,584335658.49,361630585.49,246705828.13,114648654.83,586990399.65,397245322.26,219028556.84,97672496.92,531760078.03,421344934.03,208713255.41,98160132.16,701153868.69,390497945.47,121117900.48,25787746.47,528865293.99,241094914.77,68216406.28,20472351.49,196076781.07,107354803.44,61736253.4,40246180.01,132341239.42,74415646.87,34003803.74,18378466.12,145752628.57,157087229.36,59009330.56,23025170.39,234185536.21,167917933.95,121913428.7,32249474.51,100344122.79,244325251.98,124772990.94,11147748.67,270001860.32,203041755.29,26566705.1,29313765.27,499425988.29,392815629.67,167019646.04,55173588.16,34125140.38,227424419.3,22055551.41,36699606.8,78586922.09,231034770.19,116442076.27,127302593.0,23842333.2,90323355.89,32033614.06,18218704.29,81841875.36,33339971.04,27519344.06,12077069.46,56406975.5,29945284.12,18998648.22,11055643.14,39950110.72,27501767.82,23309855.02,13720488.69,20765196.33,16229726.28,14140179.81,2938749.85,21361385.37,18399511.37,10078447.37,6810632.25,15754565.05,11156377.13,4124987.86,421843.07,10161204.15,2251462.79
15,specOCIF,经营活动现金流入的特殊项目,经营活动现金流入的特殊项目,2,0,金额类,,,,,,,,,,,,,,,,,,,,,,,,,,,,,,,,,,,,,,,,,,,,,,,,,,,,,,,,,,,,,,,,,,,,,,,,,,,,,,,,,,,,,,,,,,
16,AOCIF,经营活动现金流入的差错金额,经营活动现金流入的差错金额,2,0,金额类,,,,,,,,,,,,,,,,,,,,,,,,,,,,,,,,,,,,,,,,,,,,,,,,,,,,,,,,,,,,,,,,,,,,,,,,,,,,,,,,,0.0,0.0,0.0,0.0,0.0,0.0,0.0,0.0,0.0,0.0
17,CInfFrOperateA,经营活动现金流入小计,经营活动现金流入小计,2,0,金额类,,69318251074.4,39639034634.28,19133050961.8,95499902785.87,71721474638.77,36458830973.71,18499881541.0,96859144457.56,57144291337.8,37311608517.54,13158493284.0,74759142644.86,57721488747.03,31687737675.89,11484671132.37,63562425672.18,40369934712.2,21733231397.28,10750873103.15,66228760307.34,43424088054.07,19877732152.67,8489116717.24,56619180876.95,40020110270.99,21226423496.93,9127272662.34,60840312661.59,42894277960.67,21344379952.4,10195896214.53,60713601328.71,41908844729.81,21574328161.3,9432652468.91,60361500198.83,43117381512.97,21908996975.13,9959611299.93,59194382101.95,39483810432.43,21662901058.42,4972247509.16,33085270185.82,21743286756.39,10326403833.4,4385798515.88,29001667440.43,21346390885.57,10039880829.22,4379399591.56,32705032497.0,23045737073.52,10644471785.98,4663500153.69,26457203755.24,16938877336.68,9395692635.16,4358896778.78,27240145309.96,16590265688.53,7994965762.44,3551898978.92,25604201110.8,16203910715.33,8711682548.51,3893153109.1,23829585664.57,13600229417.79,6756270317.51,2676522608.97,17854004580.62,10800766914.26,5564824743.07,1838633642.31,15599891494.63,9795162769.8,5417258006.86,1828932213.6,15406352418.31,9131730176.22,5046195608.24,1825839942.63,11662362857.75,7048638403.93,3522809777.0,769885408.17,3688880141.75,331088259.24
18,CPaidGS,购买商品、接受劳务支付的现金,购买商品、接受劳务支付的现金,2,0,金额类,,10207737348.95,6415489633.06,2679522209.05,13309731883.77,8980723939.3,5223414977.09,2543165364.48,12513307046.78,8226042550.1,4932778737.9,2114769034.67,10214938090.63,6322410323.8,3690992950.78,2024299422.32,11095390713.22,7140828647.28,4927709111.59,3011268433.01,9499436962.27,4828905629.5,2056666685.59,430119075.69,4970935679.15,3161356163.84,1389881565.21,577914389.78,5415244449.06,3268384426.54,1575471841.92,877561606.96,5587330639.12,3301254028.36,1801105951.13,672885014.71,6138261726.5,4092963595.11,2229739348.33,798381133.93,4730257742.7,2566766559.24,1757933934.36,455593255.28,2391783453.94,1428943989.15,1084532700.5,454423195.07,2119793239.23,1320200025.34,623400942.47,358138800.29,2435407895.87,1682183078.13,680168579.68,339587407.94,2220742199.42,1580518337.8,964441933.15,359009241.59,2492081270.2,2194913268.03,1570819471.03,230682916.31,13118656293.52,8341698657.81,3371634838.56,1770233838.82,13121399242.22,6511784198.37,2631336934.49,887775860.58,8570263901.45,4416458708.36,1776658600.23,362141278.69,6838575905.49,4251762475.24,2044759018.9,799137797.89,6597147362.22,3766688427.26,1850185665.49,909331412.67,3983832374.57,2034309029.22,721075727.93,169770866.15,768047441.84,26309386.92
19,NIncDisburOfLA,客户贷款及垫款净增加额,客户贷款及垫款净增加额,2,0,金额类,,,,,,,,,,,,,,,,,,,,,,,,,,,,,,,,,,,,,,,,,,,,,,,,,,,,,,,,,,,,,,,,,,,,,,,,,,,,,,,,,,,,,,,,,,
20,NIncrDeposInFI,存放中央银行和同业款项净增加额,存放中央银行和同业款项净增加额,2,0,金额类,,,,,,,,,,,,,,,,,,,,,,,,,,,,,,,,,,,,,,,,,,,,,,,,,,,,,,,,,,,,,,,,,,,,,,,,,,,,,,,,,,,,,,,,,,
21,origContrCIndem,支付原保险合同赔付款项的现金,支付原保险合同赔付款项的现金,2,0,金额类,,,,,,,,,,,,,,,,,,,,,,,,,,,,,,,,,,,,,,,,,,,,,,,,,,,,,,,,,,,,,,,,,,,,,,,,,,,,,,,,,,,,,,,,,,
22,CPaidIFC,支付利息、手续费及佣金的现金,支付利息、手续费及佣金的现金,2,0,金额类,,,,,,,,,,,,,,,,,,,,,,,,,,,,,,,,,,,,,,,,,,,,,,,,,,,,,,,,,,,,,,,,,,,,,,,,,,,,,,,,,,,,,,,,,,
23,CPaidPolDiv,支付保单红利的现金,支付保单红利的现金,2,0,金额类,,,,,,,,,,,,,,,,,,,,,,,,,,,,,,,,,,,,,,,,,,,,,,,,,,,,,,,,,,,,,,,,,,,,,,,,,,,,,,,,,,,,,,,,,,
24,CPaidToForEmpl,支付给职工以及为职工支付的现金,支付给职工以及为职工支付的现金,2,0,金额类,,2309568469.24,1525567930.51,725778356.16,3561463812.22,2053755761.55,1410316615.42,675647434.07,3347001685.68,1941064090.39,1284868371.99,595752171.92,3138575662.67,1833073525.09,1329862989.0,588001190.51,2803197556.38,1562212009.42,1004246972.8,547250833.48,2610978872.63,1218398673.0,717031944.47,291965925.5,1681923377.15,983296216.09,660786646.03,308630145.17,1550359853.36,952661858.6,627986001.12,289094948.93,1781023829.38,1095706820.94,749486687.96,343400998.17,1733924945.78,1107582397.86,733430262.03,379713005.08,1608108001.55,947653424.13,639224516.14,304623374.81,1540726214.27,871153430.44,613901309.46,274397530.91,1388183797.04,825279964.07,565732635.66,248469644.34,1241061196.53,718258690.95,484353416.41,220531540.7,1070561095.74,635266545.34,429218340.94,192699514.85,903901445.38,462741288.83,366807532.48,168686863.7,772790038.89,428663709.32,317675840.7,143671181.71,678161629.01,465333142.72,202260788.87,88825568.37,405584819.64,264148570.77,184856505.61,94040347.33,300035388.08,197882977.12,134325262.07,76517953.83,329745283.26,214208294.35,142489953.54,81703395.08,336086953.13,224396411.83,142268565.0,58633253.34,122664776.44,26933527.21
25,CPaidForTaxes,支付的各项税费,支付的各项税费,2,0,金额类,,13080956214.27,7158553080.0,3641864480.58,17521925470.26,12286617777.88,6261595416.16,2985805152.23,14759828566.58,9866017081.36,5639269956.1,2541210174.94,16790687263.22,12840566597.61,8166521164.44,4356759172.32,13123193534.72,9288982703.06,6027235539.31,3793715124.56,12180759493.47,9194189100.27,4654155609.01,2114858813.76,12971173075.6,9292632053.04,5128398357.99,2865668040.37,13430690798.93,10011360055.81,5556537109.35,2965159482.64,13288208533.14,9711079547.1,5220978615.9,2643497714.79,13262996901.53,10093770833.95,4952467160.67,2537855641.36,12704486331.29,8118956360.74,4928021121.53,2075899800.17,7703356459.13,5424116585.92,2585449147.59,1150756576.69,7209874090.28,5189657248.63,2780959200.11,1542650759.2,7210856037.96,4805957083.6,1951653688.26,893520299.77,6615039959.22,4624782412.21,2609407872.03,1104724451.67,6268293002.88,4020666858.99,1663746456.7,664922380.99,3308304203.82,2442772270.3,1584133145.78,733205777.06,3161812526.29,2241827790.92,1601324991.8,1019158963.77,3800943414.91,3066439641.0,1710386518.84,685462946.79,3360689111.46,2081316022.8,1496588895.33,877989634.15,2918543289.44,1973322346.26,1356387680.41,816729859.05,1997349953.0,1354738368.82,924804287.72,529274057.81,924560265.01,192726645.58
26,CPaidForOthOpA,支付其他与经营活动有关的现金,支付其他与经营活动有关的现金,2,0,金额类,,824774590.1,548237479.1,238633962.91,1458313335.4,752053574.86,542084600.58,180991163.84,1489558869.86,726862270.96,368770612.54,329183602.78,1138439490.2,1384305178.41,712218666.09,266419230.06,808182134.6,771720063.86,230295658.18,94428432.6,900720578.57,562954266.42,383481449.37,66326014.92,530729174.77,358227834.16,219350406.42,157747388.25,707351145.43,571578765.02,498173144.72,21787640.73,363873260.58,135970854.55,82442523.1,37265837.42,236485430.72,100107445.21,65107014.55,178461504.24,358389943.92,124533973.95,111748791.64,9824825.32,150510889.07,346996855.91,163725772.95,149725855.62,192397380.05,286710238.92,197797481.58,52894726.56,356910962.1,402754051.77,133358423.18,51827241.12,1100829222.86,635690825.0,247054388.99,128569345.55,249867276.13,260661030.88,148987556.49,71341249.01,215229898.46,126772971.51,63546965.87,33070110.5,157738788.69,113270925.3,47473846.25,16005840.28,153263718.39,76502319.91,55464654.08,16697067.7,109598437.51,54165003.3,38484871.0,7903442.89,115141542.02,74077678.91,37939551.0,15250512.57,62323936.05,50580233.52,29690298.51,7777130.97,53984514.01,8390457.67
27,specOCOF,经营活动现金流出的特殊项目,经营活动现金流出的特殊项目,2,0,金额类,,,,,,,,,,,,,,,,,,,,,,,,,,,,,,,,,,,,,,,,,,,,,,,,,,,,,,,,,,,,,,,,,,,,,,,,,,,,,,,,,,,,,,,,,,
28,AOCOF,经营活动现金流出的差错金额,经营活动现金流出的差错金额,2,0,金额类,,,,,,,,,,,,,,,,,,,,,,,,,,,,,,,,,,,,,,,,,,,,,,,,,,,,,,,,,,,,,,,,,,,,,,,,,,,,,,,,,0.0,0.0,0.0,0.0,0.0,0.0,0.0,0.0,0.0,0.0
29,COutfOperateA,经营活动现金流出小计,经营活动现金流出小计,2,0,金额类,,26423036622.56,15647848122.67,7285799008.7,35851434501.65,24073151053.59,13437411609.25,6385609114.62,32109696168.9,20759985992.81,12225687678.53,5580914984.31,31282640506.72,22380355624.91,13899595770.31,7235479015.21,27829963938.92,18763743423.62,12189487281.88,7446662823.65,25191895906.94,15804447669.19,7811335688.44,2903269829.87,20154761306.67,13795512267.13,7398416975.65,3909959963.57,21103646246.78,14803985105.97,8258168097.11,4153603679.26,21020436262.22,14244011250.95,7854013778.09,3697049565.09,21371669004.53,15394424272.13,7980743785.58,3894411284.61,19401242019.46,11757910318.06,7436928363.67,2845941255.58,11786377016.41,8071210861.42,4447608930.5,2029303158.29,10910248506.6,7621847476.96,4167890259.82,2202153930.39,11244236092.46,7609152904.45,3249534107.53,1505466489.53,11007172477.24,7476258120.35,4250122535.11,1785002553.66,9914142994.59,6938982446.73,3750361016.7,1135633410.01,17414980434.69,11339907608.94,5336990790.91,2680180908.09,17119112186.21,9332216057.31,4482396561.41,2011766233.0,12930055854.39,7823549240.04,3727366278.76,1158341640.51,10608898842.54,6585126478.46,3714158047.3,1761548828.76,9960577476.94,6028296746.78,3387002850.44,1823015179.37,6379593216.75,3664024043.39,1817838879.16,765455308.27,1869256997.3,254360017.38
30,ANOCF,经营活动现金流量净额的差错金额,经营活动现金流量净额的差错金额,2,0,金额类,,,,,,,,,,,,,,,,,,,,,,,,,,,,,,,,,,,,,,,,,,,,,,,,,,,,,,,,,,,,,,,,,,,,,,,,,,,,,,,,,0.0,0.0,0.0,0.0,0.0,0.0,0.0,0.0,0.0,0.0
31,NCFOperateA,经营活动产生的现金流量净额,经营活动产生的现金流量净额,2,0,金额类,,42895214451.84,23991186511.61,11847251953.1,59648468284.22,47648323585.18,23021419364.46,12114272426.38,64749448288.66,36384305344.99,25085920839.01,7577578299.69,43476502138.14,35341133122.12,17788141905.58,4249192117.16,35732461733.26,21606191288.58,9543744115.4,3304210279.5,41036864400.4,27619640384.88,12066396464.23,5585846887.37,36464419570.28,26224598003.86,13828006521.28,5217312698.77,39736666414.81,28090292854.7,13086211855.29,6042292535.27,39693165066.49,27664833478.86,13720314383.21,5735602903.82,38989831194.3,27722957240.84,13928253189.55,6065200015.32,39793140082.49,27725900114.37,14225972694.75,2126306253.58,21298893169.41,13672075894.97,5878794902.9,2356495357.59,18091418933.83,13724543408.61,5871990569.4,2177245661.17,21460796404.54,15436584169.07,7394937678.45,3158033664.16,15450031278.0,9462619216.33,5145570100.05,2573894225.12,17326002315.37,9651283241.8,4244604745.74,2416265568.91,8189220676.11,4864003106.39,3374691757.6,1212972201.01,6710473478.36,4268013360.48,2273873756.1,664756375.97,4923948726.23,2977217674.22,1837458464.31,680292001.8,4990992652.09,3210036291.34,1703099959.56,67383384.84,5445774941.37,3103433429.44,1659192757.8,2824763.26,5282769641.0,3384614360.54,1704970897.84,4430099.9,1819623144.45,76728241.86
32,CF_FR_INVEST_A,投资活动产生的现金流量,投资活动产生的现金流量,1,3,分组/标题,,,,,,,,,,,,,,,,,,,,,,,,,,,,,,,,,,,,,,,,,,,,,,,,,,,,,,,,,,,,,,,,,,,,,,,,,,,,,,,,,,,,,,,,,,
33,procSellInvest,收回投资收到的现金,收回投资收到的现金,2,0,金额类,,4413969408.84,3785335992.82,2619086515.97,51304202111.84,33725927519.85,12710722742.74,6460305804.91,74103029742.51,62529611177.16,50028752156.33,15645224138.43,114400141415.41,81694393309.29,34319980154.7,18044844186.94,140253288981.75,109290186035.36,83086741637.52,36217876174.01,91515324035.5,67089187668.07,43751416086.0,20947085006.62,74479542574.14,60686533364.06,41455967541.0,17504303243.73,57767277237.59,31016902086.9,17667406054.45,10138344707.16,70292144761.87,47668763363.35,20112346917.92,1089921597.48,1515109446.79,120514062.4,138522.08,138522.08,1768460059.33,1653049396.48,1594404613.57,1143194755.68,196186023.45,99195622.94,93832985.85,93839211.74,1900691454.82,1167618339.47,1143751425.64,8868250.73,4822780668.41,3987055130.42,2350649975.9,2100200120.0,7213172487.7,6614227682.9,6198231053.8,3947597848.0,5670065854.54,2619873779.85,1318778871.91,1000271995.31,6301891294.76,5251786138.24,866102020.56,844264012.54,14303258192.82,9089484224.72,6053505331.57,5496341820.0,4146753064.37,2949834135.6,2683335342.46,,666079780.0,266075900.0,266075900.0,66075900.0,1156375550.0,1145451450.0,912451450.0,219126150.0,3488267975.0,2501738785.0,1161269710.0,291813560.0,,0.0
34,gainInvest,取得投资收益收到的现金,取得投资收益收到的现金,2,0,金额类,,2312430175.02,958616551.28,149380775.58,2548040281.44,2123630768.98,515521491.45,714535.82,2150467314.51,1700376391.7,642186979.26,34007823.79,1740104203.83,1618618603.97,325878292.77,17771407.39,1973990756.86,1591131257.69,116326534.52,34937458.01,1588089130.39,1282393091.52,285088140.15,55402867.36,1401270454.59,969805691.27,242128631.42,66116153.78,1073519362.92,732836445.58,60618937.07,44510311.35,762806569.46,598569182.29,119158783.92,613794057.28,709120150.35,535345454.95,194259083.29,,581746558.07,392479396.18,3538846.9,12853.33,594431347.24,568193819.48,141085658.6,61077201.36,436987188.14,391018784.21,58030047.58,8133.86,444541524.34,340836777.44,49604880.35,17379927.92,705466131.26,790021296.24,679454336.09,25228458.96,330252882.8,313724356.45,106070238.25,,239058905.49,228951466.77,135880030.26,,382128982.48,198943178.31,107742356.63,8202906.03,491121148.6,265724282.67,71324241.27,,852935494.69,38710571.31,38649009.83,31680131.64,59873940.35,64565658.85,40702340.54,2996257.5,19671768.31,15677108.48,12176167.72,1478979.99,10687225.17,0.0
35,dispFixAssetsOth,处置固定资产、无形资产和其他长期资产收回的现金净额,处置固定资产、无形资产和其他长期资产收回的现金净额,2,0,金额类,,1293268.17,1056988.83,1045995.82,9541006.99,3426390.62,1998415.51,623266.79,6964001.35,5254524.37,3995698.08,58586.04,37035446.81,51494001.06,50086893.39,8243059.67,22040168.08,80820.37,84009.3,,11688319.11,23560.0,23560.0,705346.0,12178908.7,15672731.48,10247355.78,,925078.9,126272.0,126272.0,,4695408.36,27010.0,4541342.65,19600.0,25010567.18,11132072.86,7751254.86,3910466.28,37774371.68,1392558.91,236261.6,24233.73,47722831.15,13142836.45,10851810.25,21129.5,11991743.16,14797320.3,7355828.74,4203628.34,3953437.8,3690952.17,2176099.35,2014656.57,4925420.03,4689122.65,4651655.14,483689.13,1314398.48,3132875.08,1532352.07,3970.59,9480841.03,983167.38,873801.32,606218.3,4219036.46,4016574.24,3630425.44,1099303.78,3485787.72,2298721.84,1785083.82,1516332.86,3853476.17,3150263.19,2984378.95,,6375138.14,,854398.46,,2945284.4,2874203.2,1953381.6,869800.0,114500.23,0.0
36,NDispSubsOthBizC,处置子公司及其他营业单位收到的现金净额,处置子公司及其他营业单位收到的现金净额,2,0,金额类,,1800000.0,1800000.0,1800000.0,6980137.96,500000.0,500000.0,,2268630.0,2268630.0,2268630.0,,,,,,,,,,,,,,,,,,,,,,,,,,,,,,,,,,31272726.85,,,,,,,,,,,,,,,,,,,,,,,,,,,,,,,,,,,,,,,,,,,,,
37,CFrOthInvestA,收到其他与投资活动有关的现金,收到其他与投资活动有关的现金,2,0,金额类,,,,,,,,,5592027.34,,,,34202605.4,28750405.4,28750405.4,39889997.14,,,,,,,,,,,33684803.72,,,17909498.77,,,,,,,,,,,,,,,,,,,,,,,,,,405410.05,,,,,,,,,,,,,,,,0.0,,,,,,,,,,,,,37837791.97,29926593.91,16093490.4,3537019.19,,0.0
38,specCIF,投资活动现金流入的特殊项目,投资活动现金流入的特殊项目,2,0,金额类,,,,,,,,,,,,,,,,,,,,,,,,,,,,,,,,,,,,,,,,,,,,,,,,,,,,,,,,,,,,,,,,,,,,,,,,,,,,,,,,,,,,,,,,,,
39,ACIF,投资活动现金流入的差错金额,投资活动现金流入的差错金额,2,0,金额类,,,,,,,,,,,,,,,,,,,,,,,,,,,,,,,,,,,,,,,,,,,,,,,,,,,,,,,,,,,,,,,,,,,,,,,,,,,,,,,,,0.0,0.0,0.0,0.0,0.0,0.0,0.0,0.0,0.0,0.0
40,CInfFrInvestA,投资活动现金流入小计,投资活动现金流入小计,2,0,金额类,,6729492852.03,4746809532.93,2771313287.37,53868763538.23,35853484679.45,13228742649.7,6461643607.52,76268321715.71,64237510723.23,50677203463.67,15679290548.26,116211483671.45,83393256319.72,34724695746.26,18110748651.14,142249319906.69,110881398113.42,83203152181.34,36252813632.02,93115101485.0,68371604319.59,44036527786.15,21003193219.98,75892991937.43,61672011786.81,41742028331.92,17570419397.51,58841721679.41,31767774303.25,17728151263.52,10182855018.51,71059646739.69,48267359555.64,20236047044.49,1703735254.76,2249240164.32,666991590.21,202148860.23,4048988.36,2387980989.08,2046921351.57,1598179722.07,1143231842.74,869612928.69,680532278.87,245770454.7,154937542.6,2349670386.12,1573434443.98,1209137301.96,13080012.93,5271275630.55,4331582860.03,2402430955.6,2120000114.54,7923564038.99,7408938101.79,6882337045.03,3973309996.09,6001633135.82,2936731011.38,1426381462.23,1000275965.9,6550431041.28,5481720772.39,1002855852.14,844870230.84,14689606211.76,9292443977.27,6164878113.64,5505644029.81,4641360000.69,3217857140.11,2756444667.55,1516332.86,1522868750.86,307936734.5,307709288.78,97756031.64,1222624628.49,1210017108.85,954008189.0,222122407.5,3548722819.68,2550216690.59,1191492749.72,297699359.18,10801725.4,0.0
41,purFixAssetsOth,购建固定资产、无形资产和其他长期资产支付的现金,购建固定资产、无形资产和其他长期资产支付的现金,2,0,金额类,,8351159234.53,6211555134.29,4598291811.47,14420079512.74,6733921353.9,3564070760.88,1749926712.36,12417112224.11,8534176058.73,5930082135.75,1842217025.95,12469721762.97,8384279494.08,6390208227.55,3201945182.96,3473877431.53,1894809659.92,979669112.65,481268942.88,3627862822.44,2237045701.06,1625302994.12,865836241.34,2716832699.3,1761437527.4,1318744817.64,901800041.43,3118888618.75,2214582692.57,1705026335.43,478841849.93,2556286940.01,1903958021.44,1246554646.44,715897953.14,2253519305.67,1954908335.42,1323795542.82,711750646.99,4824541742.17,3847361529.91,3695449037.32,34997779.31,850315890.42,276582572.26,226964548.81,61016777.82,770802292.77,374538189.71,222834553.0,87548868.47,4067263621.8,2829110656.35,98906268.05,58237823.39,7829737370.16,2398106141.6,37564252.55,8023750.57,11511619642.89,11424967567.83,5641768875.54,11589874.75,23615027829.88,20055741074.98,31224264.02,17755230.0,155083873.27,85158741.5,42599883.7,16101876.53,10591390789.46,10542583970.74,10512173757.99,31202463.69,232095364.42,216609218.77,129819504.39,84384043.32,10047262121.91,9927591036.06,9848461437.38,4911128438.91,308638797.27,197430835.33,133590425.67,40895267.74,18995146281.8,121334192.46
42,CPaidInvest,投资支付的现金,投资支付的现金,2,0,金额类,,5018991039.67,4111153751.6,3038980630.95,49122067036.48,33698429463.83,12424931963.35,6574060952.38,76239748510.66,65044666242.93,51848314190.49,16133667581.68,115432281989.81,82704458357.85,36898672863.5,17326273330.08,145340651877.96,113161443922.61,86103702057.48,41096889620.8,101333734312.21,74720274898.19,49825863799.56,25379192513.83,79807613734.58,62753115376.29,43928138377.99,19512638381.74,64948937631.78,34511941842.08,19764665431.15,11668065151.32,78018248939.67,55051120152.08,22689592584.65,4472222141.48,6253138308.63,3361525250.62,1385378405.96,332117935.96,572966621.42,437076466.42,7780800.0,,848055828.96,210964337.52,,,1019862620.0,1019882620.0,1019862620.0,1019862620.0,5234548480.0,5234528480.0,2608828120.0,2000200120.0,5439631230.19,5349631230.19,5534052618.96,3818108208.08,7410906246.3,3749921748.08,970878848.92,,6657731743.2,5412068460.0,1020000000.0,,15188011177.73,9182849175.0,6168232590.0,5496341820.0,6745735763.4,6744976743.4,5292596926.4,190000000.0,1513562759.77,102472341.26,,,700000000.0,700000000.0,500000000.0,200000000.0,5918905865.0,4536192000.0,1285847800.0,0.0,291813560.0,0.0
43,NIncrPledgeLoan,质押贷款净增加额,质押贷款净增加额,2,0,金额类,,,,,,,,,,,,,,,,,,,,,,,,,,,,,,,,,,,,,,,,,,,,,,,,,,,,,,,,,,,,,,,,,,,,,,,,,,,,,,,,,,,,,,,,,,
44,NCPaidAcquis,取得子公司及其他营业单位支付的现金净额,取得子公司及其他营业单位支付的现金净额,2,0,金额类,,,,,1101820343.21,1099838606.28,1132513046.01,287690000.0,601993748.44,64387062400.0,64387062400.0,64387062400.0,,,,,,,,,24000543409.77,24295526205.69,24919784717.56,,,,,,,,,,,,,,37455158900.0,37455158900.0,37455158900.0,,,,,,,,,,,,,,,,,,,,,,,2692800.0,,,,,,,,,,,,,,,,,,,,,,,,,,,,
45,CPaidOthInvestA,支付其他与投资活动有关的现金,支付其他与投资活动有关的现金,2,0,金额类,,,,,,,,,,,,,11295775.87,,,,,,,,190217371.81,,,,,,,,,,,,280287924.17,,,,517165804.83,,,,,,,,,,,,15117071.97,,,,,1802717.1,798751.39,,,,310168.48,,,260.5,,,,20000.0,,,,50000.0,,,,,,,,,,,,249645.24,,,34300772.78,26863870.61,12556471.21,,3537019.19,0.0
46,specCOF,投资活动现金流出的特殊项目,投资活动现金流出的特殊项目,2,0,金额类,,,,,,,,,,,,,,,,,,,,,,,,,,,,,,,,,,,,,,,,,,,,,,,,,,,,,,,,,,,,,,,,,,,,,,,,,,,,,,,,,,,,,,,,,,
47,ACOF,投资活动现金流出的差错金额,投资活动现金流出的差错金额,2,0,金额类,,,,,,,,,,,,,,,,,,,,,,,,,,,,,,,,,,,,,,,,,,,,,,,,,,,,,,,,,,,,,,,,,,,,,,,,,,,,,,,,,0.0,0.0,0.0,0.0,0.0,0.0,0.0,0.0,0.0,0.0
48,COutfFrInvestA,投资活动现金流出小计,投资活动现金流出小计,2,0,金额类,,13370150274.2,10322708885.89,7637272442.42,64643966892.43,41532189424.01,17121515770.24,8611677664.74,89258854483.21,137965904701.66,122165458726.24,82362947007.63,127913299528.65,91088737851.93,43288881091.05,20528218513.04,148814529309.49,115056253582.53,87083371170.13,41578158563.68,129152357916.23,101252846804.94,76370951511.24,26245028755.17,82524446433.88,64514552903.69,45246883195.63,20414438423.17,68067826250.53,36726524534.65,21469691766.58,12146907001.25,80854823803.85,56955078173.52,23936147231.09,5188120094.62,46478982319.13,42771592486.04,40164332848.78,1043868582.95,5397508363.59,4284437996.33,3703229837.32,34997779.31,1698371719.38,487546909.78,226964548.81,61016777.82,1805781984.74,1394420809.71,1242697173.0,1107411488.47,9301812101.8,8065441853.45,2708533139.44,2058437943.39,13269368600.35,7747737371.79,5571927039.99,3826131958.65,18922525889.19,15177582376.41,6612647724.46,11589874.75,30272759573.08,25467829534.98,1051224264.02,17755230.0,15343095051.0,9268057916.5,6210832473.7,5512443696.53,17337126552.86,17287560714.14,15804770684.39,221202463.69,1745658124.19,319081560.03,129819504.39,84384043.32,10747262121.91,10627840681.3,10348461437.38,5111128438.91,6261845435.05,4760486705.94,1431994696.88,40895267.74,19290496860.99,121334192.46
49,ANICF,投资活动现金流量净额的差错金额,投资活动现金流量净额的差错金额,2,0,金额类,,,,,,,,,,,,,,,,,,,,,,,,,,,,,,,,,,,,,,,,,,,,,,,,,,,,,,,,,,,,,,,,,,,,,,,,,,,,,,,,,0.0,0.0,0.0,0.0,0.0,0.0,0.0,0.0,0.0,0.0
50,NCFFrInvestA,投资活动产生的现金流量净额,投资活动产生的现金流量净额,2,0,金额类,,-6640657422.17,-5575899352.96,-4865959155.05,-10775203354.2,-5678704744.56,-3892773120.54,-2150034057.22,-12990532767.5,-73728393978.43,-71488255262.57,-66683656459.37,-11701815857.2,-7695481532.21,-8564185344.79,-2417469861.9,-6565209402.8,-4174855469.11,-3880218988.79,-5325344931.66,-36037256431.23,-32881242485.35,-32334423725.09,-5241835535.19,-6631454496.45,-2842541116.88,-3504854863.71,-2844019025.66,-9226104571.12,-4958750231.4,-3741540503.06,-1964051982.74,-9795177064.16,-8687718617.88,-3700100186.6,-3484384839.86,-44229742154.81,-42104600895.83,-39962183988.55,-1039819594.59,-3009527374.51,-2237516644.76,-2105050115.25,1108234063.43,-828758790.69,192985369.09,18805905.89,93920764.78,543888401.38,179013634.27,-33559871.04,-1094331475.54,-4030536471.25,-3733858993.42,-306102183.84,61562171.15,-5345804561.36,-338799270.0,1310410005.04,147178037.44,-12920892753.37,-12240851365.03,-5186266262.23,988686091.15,-23722328531.8,-19986108762.59,-48368411.88,827115000.84,-653488839.24,24386060.77,-45954360.06,-6799666.72,-12695766552.17,-14069703574.03,-13048326016.84,-219686130.83,-222789373.33,-11144825.53,177889784.39,13371988.32,-9524637493.42,-9417823572.45,-9394453248.38,-4889006031.41,-2713122615.37,-2210270015.35,-240501947.16,256804091.44,-19279695135.59,-121334192.46
51,CF_FR_FINAN_A,筹资活动产生的现金流量,筹资活动产生的现金流量,1,3,分组/标题,,,,,,,,,,,,,,,,,,,,,,,,,,,,,,,,,,,,,,,,,,,,,,,,,,,,,,,,,,,,,,,,,,,,,,,,,,,,,,,,,,,,,,,,,,
52,CFrCapContr,吸收投资收到的现金,吸收投资收到的现金,2,0,金额类,,90000000.0,90000000.0,51000000.0,146860000.0,146860000.0,68360000.0,68360000.0,16495456960.43,16392255710.43,16392255710.43,222500000.0,8027440000.0,8032451200.0,8005452200.0,8000000000.0,155000000.0,155000000.0,152500000.0,,14931906615.82,,,,,,,,27495083.32,21923200.71,25620895.98,25533163.92,88200000.0,88200000.0,88200000.0,88200000.0,24325456000.0,24325456000.0,24025456000.0,8000000.0,629800000.0,600000000.0,600000000.0,,,,,,,,,,900000.0,900000.0,900000.0,,,,,,,,,,,3457294328.36,,,,,,,10484967979.78,10484967979.78,6526832979.78,,,,,,,,,,,,,,9885537478.81,0.0
53,CFrMinoSSubs,其中:子公司吸收少数股东投资收到的现金,  其中:子公司吸收少数股东投资收到的现金,2,0,金额类,,90000000.0,90000000.0,51000000.0,146860000.0,146860000.0,68360000.0,68360000.0,419872000.0,297170750.0,297170750.0,177500000.0,2427440000.0,2432451200.0,2405452200.0,8000000000.0,155000000.0,155000000.0,152500000.0,,1476545673.69,,,,,,,,27495083.32,21923200.71,25620895.98,25533163.92,88200000.0,88200000.0,88200000.0,88200000.0,308000000.0,308000000.0,8000000.0,8000000.0,629800000.0,,,,,,,,,,,,900000.0,900000.0,900000.0,,,,,,,,,,,,,,,,,,,,,,,,,,,,,,,,,,,
54,CFrBorr,取得借款收到的现金,取得借款收到的现金,2,0,金额类,,141250791598.32,107328006877.24,26767086254.2,128962078655.79,110985262080.23,67761652768.21,10937442851.51,153335092218.76,136899849501.85,95020053285.0,80514921069.67,90631526690.29,73823900630.29,29376897486.04,24957328800.0,78053784848.58,69249396400.0,33399143464.39,20153570017.71,99092695765.97,83689761862.62,56312036160.29,23100000000.0,87122964416.74,72659195743.0,46565655623.0,31363252596.0,73096200000.0,60796200000.0,48800000000.0,14100000000.0,70120000000.0,63318000000.0,24020000000.0,14120000000.0,75232606284.47,56365790898.62,37350000000.0,16800000000.0,32300000000.0,30300000000.0,21800000000.0,5500000000.0,39250000000.0,39250000000.0,9000000000.0,4000000000.0,28400000000.0,27900000000.0,19900000000.0,5400000000.0,45500000000.0,43500000000.0,14000000000.0,5500000000.0,31440000000.0,26920000000.0,10910000000.0,3500000000.0,45190000000.0,45179500000.0,27490000000.0,11000000000.0,36453700000.0,33000000000.0,,,10010000000.0,8000000000.0,5500000000.0,4700000000.0,12442250000.0,12442250000.0,12442250000.0,4526000000.0,7822000000.0,7122000000.0,4207300000.0,3707300000.0,9500000000.0,9500000000.0,9500000000.0,4600000000.0,,,,,18000000000.0,50000000.0
55,CFrIssueBond,发行债券收到的现金,发行债券收到的现金,2,0,金额类,,,,,,,,,,,,,,,,,,,,,,,,,,,,,,,,,,,,,,,,,,,,,,,,,,,,,,,,,,,,,,,,,,,,,,,,,,,,,,,,,,,,,,,,,,
56,CFrOthFinanA,收到其他与筹资活动有关的现金,收到其他与筹资活动有关的现金,2,0,金额类,,1503873000.0,1507653000.0,,1493940000.0,1491567000.0,1491819000.0,,96720000.0,,,,,,,,1160432406.0,1164100734.0,1164568266.0,1167517314.0,5974723001.24,,,,,,,,,,,,,,,,,,,,65000000.0,,,,,,,,,,,,,,,,,,,,,,,,,,,,,,,0.0,,,,,,,,,,,,,,,,,,0.0
57,specFCIF,筹资活动现金流入的特殊项目,筹资活动现金流入的特殊项目,2,0,金额类,,,,,,,,,,,,,,,,,,,,,,,,,,,,,,,,,,,,,,,,,,,,,,,,,,,,,,,,,,,,,,,,,,,,,,,,,,,,,,,,,,,,,,,,,,
58,AFCIF,筹资活动现金流入的差错金额,筹资活动现金流入的差错金额,2,0,金额类,,,,,,,,,,,,,,,,,,,,,,,,,,,,,,,,,,,,,,,,,,,,,,,,,,,,,,,,,,,,,,,,,,,,,,,,,,,,,,,,,0.0,0.0,0.0,0.0,,,,,0.0,0.0
59,CInfFrFinanA,筹资活动现金流入小计,筹资活动现金流入小计,2,0,金额类,,142844664598.32,108925659877.24,26818086254.2,130602878655.79,112623689080.23,69321831768.21,11005802851.51,169927269179.19,153292105212.28,111412308995.43,80737421069.67,98658966690.29,81856351830.29,37382349686.04,32957328800.0,79369217254.58,70568497134.0,34716211730.39,21321087331.71,119999325383.03,83689761862.62,56312036160.29,23100000000.0,87122964416.74,72659195743.0,46565655623.0,31363252596.0,73123695083.32,60818123200.71,48825620895.98,14125533163.92,70208200000.0,63406200000.0,24108200000.0,14208200000.0,99558062284.47,80691246898.62,61375456000.0,16808000000.0,32994800000.0,30900000000.0,22400000000.0,5500000000.0,39250000000.0,39250000000.0,9000000000.0,4000000000.0,28400000000.0,27900000000.0,19900000000.0,5400000000.0,45500900000.0,43500900000.0,14000900000.0,5500000000.0,31440000000.0,26920000000.0,10910000000.0,3500000000.0,45190000000.0,45179500000.0,27490000000.0,11000000000.0,36453700000.0,36457294328.36,,,10010000000.0,8000000000.0,5500000000.0,4700000000.0,22927217979.78,22927217979.78,18969082979.78,4526000000.0,7822000000.0,7122000000.0,4207300000.0,3707300000.0,9500000000.0,9500000000.0,9500000000.0,4600000000.0,0.0,0.0,0.0,0.0,27885537478.81,50000000.0
60,CPaidForDebts,偿还债务支付的现金,偿还债务支付的现金,2,0,金额类,,141283032372.87,112450753270.65,26282963164.84,144184043996.25,122101276888.72,76594335625.2,17538186656.42,123635147482.54,85508170115.45,53003672861.96,17503377478.99,83436440393.93,68078272637.68,32651932871.26,27746052858.04,80388318465.26,64798729700.0,35972808927.06,21688698157.25,95990337350.22,51661306062.79,32683963131.69,22208000000.0,81704081939.0,62823396041.0,42600000000.0,25900000000.0,73156600699.31,57456600699.31,38456600699.31,17102009809.6,64931190887.0,48330454525.35,24736772942.12,13080088659.83,68896499540.06,44721212521.56,24255386789.73,15340358318.79,39577317823.68,39799010425.54,22868527503.44,5968014593.97,50722383282.37,44520985183.85,13175745180.69,6095358395.79,36853423435.43,30244626504.34,21128424073.93,4497875552.39,56268719837.19,49436421750.7,18836515537.73,9098986183.88,31209615273.21,28418961579.01,11748297707.91,2873386282.69,41820338174.19,36770290015.59,25063757583.95,14807164402.93,17756514719.95,17500000000.0,3000000000.0,1000000000.0,12472250000.0,9962250000.0,7942250000.0,5526000000.0,11842000000.0,7142000000.0,6177300000.0,3177300000.0,8590000000.0,8100000000.0,4150000000.0,3650000000.0,3080000000.0,80000000.0,80000000.0,80000000.0,90000000.0,90000000.0,90000000.0,50000000.0,10265000000.0,665000000.0
61,CPaidDivProfInt,分配股利、利润或偿付利息支付的现金,分配股利、利润或偿付利息支付的现金,2,0,金额类,,32135745769.92,10136277485.69,7887529917.77,31633479332.54,29255563058.38,5748198624.31,3125419101.58,35678935583.57,32714345547.13,8911216431.27,3452374009.01,34646322332.41,32061446931.3,10105469213.12,7973240415.52,20007782816.36,19220076671.75,1575636726.73,936536188.38,19291552358.96,18131680667.72,1402645918.16,863147783.33,18643807212.31,17800272966.12,1198489850.45,627198661.82,18946766585.68,18007965037.14,16349058369.67,729411752.48,19591328944.73,18773161798.9,1356600193.56,745185077.07,17346041596.52,16039195989.05,6459387867.98,5080043398.08,22239959946.52,17649141859.3,14896191939.29,433501992.4,8086775886.27,7370021684.66,1265646457.03,620932897.55,9407190510.15,8454496490.06,1695381525.27,823278173.82,8809525369.05,7940961536.87,1831141663.77,1063224315.55,8407670132.18,7345601896.4,5605880161.63,638176549.39,7899605709.33,6978578385.21,1575500560.39,712310676.5,3772393146.0,2542071286.85,287073626.78,49900000.0,3835191517.58,3485878128.61,421058076.94,142377796.94,3012248030.35,2719197730.08,2616882013.28,138183810.0,2127129064.03,1895599746.4,1864091426.4,52849800.0,3841915159.21,3484532933.84,2003160038.51,109443757.5,1389146606.66,1282249353.35,1174859841.46,105885887.5,114943106.11,7097375.0
62,divProfSubsMinoS,其中:子公司支付给少数股东的股利、利润,  其中:子公司支付给少数股东的股利、利润,2,0,金额类,,616402491.89,103164923.7,92490716.7,125455490.82,124232909.63,101135993.68,47529540.16,1114815709.39,1017249504.14,922205904.0,80498490.93,1724524259.43,1560634872.8,1503614580.86,5000000000.0,27100257.89,17938874.71,11754177.98,,108579541.22,53956492.26,2940000.0,,2592739.85,2242964.0,,,1416347.61,1246420.0,1246420.35,,148344.32,,,,2056651949.97,,,,2129505575.01,,,,103247.68,,,,97402.65,,,,206847.51,,,,,,,,255000.0,245000.0,245000.0,,953416.57,702166.57,702166.57,,7932678.42,7912678.52,,,,,,,,,,,,,,,,,,,,0.0
63,CPaidOthFinanA,支付其他与筹资活动有关的现金,支付其他与筹资活动有关的现金,2,0,金额类,,1930848144.29,1915978732.38,34585892.31,4979106125.14,4488102098.24,4321883295.93,48837211.2,65216717718.08,628254424.01,620877040.28,549495811.54,12144735080.24,9867063115.98,3099176902.19,167191086.41,7353856997.34,4280355765.89,4231303659.69,252444764.42,7724761705.94,7585187698.62,1632381891.11,252978156.44,14648665135.5,14398994208.71,11116207569.83,7396992221.27,11493584948.5,6728080151.27,2932240527.15,1212297976.26,13718193325.23,12459497317.04,5984798632.53,2336682213.2,9245208019.01,5840325289.07,2935006895.25,1489418552.76,9016828477.04,7325952.53,2054002.19,3161032.53,55363631.4,37952467.29,22628212.49,4684030.0,58706192.75,50802996.32,35475791.43,8286435.96,60655210.0,41822901.26,39854015.0,16907515.0,71125491.56,56360000.0,16457096.41,14276766.61,88772936.53,80300871.18,33335000.0,406337.07,323532.5,253532.5,52495.0,52495.0,21461450.0,21391450.0,11080750.0,4000000.0,25925000.0,21380000.0,16580000.0,300000.0,20350000.0,20280000.0,12460000.0,12460000.0,,,,,,,,,63444813.88,63130413.88
64,specFCOF,筹资活动现金流出的特殊项目,筹资活动现金流出的特殊项目,2,0,金额类,,,,,,,,,,,,,,,,,,,,,,,,,,,,,,,,,,,,,,,,,,,,,,,,,,,,,,,,,,,,,,,,,,,,,,,,,,,,,,,,,,,,,,,,,,
65,AFCOF,筹资活动现金流出的差错金额,筹资活动现金流出的差错金额,2,0,金额类,,,,,,,,,,,,,,,,,,,,,,,,,,,,,,,,,,,,,,,,,,,,,,,,,,,,,,,,,,,,,,,,,,,,,,,,,,,,,,,,,0.0,0.0,0.0,0.0,0.0,0.0,0.0,0.0,0.0,0.0
66,COutfFrFinanA,筹资活动现金流出小计,筹资活动现金流出小计,2,0,金额类,,175349626287.08,124503009488.72,34205078974.92,180796629453.93,155844942045.34,86664417545.44,20712442969.2,224530800784.19,118850770086.59,62535766333.51,21505247299.54,130227497806.58,110006782684.96,45856578986.57,35886484359.97,107749958278.96,88299162137.64,41779749313.48,22877679110.05,123006651415.12,77378174429.13,35718990940.96,23324125939.77,114996554286.81,95022663215.83,54914697420.28,33924190883.09,103596952233.49,82192645887.72,57737899596.13,19043719538.34,98240713156.96,79563113641.29,32078171768.21,16161955950.1,95487749155.59,66600733799.68,33649781552.96,21909820269.63,70834106247.24,57455478237.37,37766773444.92,6404677618.9,58864522800.04,51928959335.8,14464019850.21,6720975323.34,46319320138.33,38749925990.72,22859281390.63,5329440162.17,65138900416.24,57419206188.83,20707511216.5,10179118014.43,39688410896.95,35820923475.41,17370634965.95,3525839598.69,49808716820.05,43829169271.98,26672593144.34,15519881416.5,21529231398.45,20042324819.35,3287126121.78,1049952495.0,16328902967.58,13469519578.61,8374388826.94,5672377796.94,14880173030.35,9882577730.08,8810762013.28,3315783810.0,10737479064.03,10015879746.4,6026551426.4,3715309800.0,6921915159.21,3564532933.84,2083160038.51,189443757.5,1479146606.66,1372249353.35,1264859841.46,155885887.5,10443387919.99,735227788.88
67,ANFCF,筹资活动现金流量净额的差错金额,筹资活动现金流量净额的差错金额,2,0,金额类,,,,,,,,,,,,,,,,,,,,,,,,,,,,,,,,,,,,,,,,,,,,,,,,,,,,,,,,,,,,,,,,,,,,,,,,,,,,,,,,,0.0,0.0,0.0,0.0,0.0,0.0,0.0,0.0,0.0,0.0
68,NCFFrFinanA,筹资活动产生的现金流量净额,筹资活动产生的现金流量净额,2,0,金额类,,-32504961688.76,-15577349611.48,-7386992720.72,-50193750798.14,-43221252965.11,-17342585777.23,-9706640117.69,-54603531605.0,34441335125.69,48876542661.92,59232173770.13,-31568531116.29,-28150430854.67,-8474229300.53,-2929155559.97,-28380741024.38,-17730665003.64,-7063537583.09,-1556591778.34,-3007326032.09,6311587433.49,20593045219.33,-224125939.77,-27873589870.07,-22363467472.83,-8349041797.28,-2560938287.09,-30473257150.17,-21374522687.01,-8912278700.15,-4918186374.42,-28032513156.96,-16156913641.29,-7969971768.21,-1953755950.1,4070313128.88,14090513098.94,27725674447.04,-5101820269.63,-37839306247.24,-26555478237.37,-15366773444.92,-904677618.9,-19614522800.04,-12678959335.8,-5464019850.21,-2720975323.34,-17919320138.33,-10849925990.72,-2959281390.63,70559837.83,-19638000416.24,-13918306188.83,-6706611216.5,-4679118014.43,-8248410896.95,-8900923475.41,-6460634965.95,-25839598.69,-4618716820.05,1350330728.02,817406855.66,-4519881416.5,14924468601.55,16414969509.01,-3287126121.78,-1049952495.0,-6318902967.58,-5469519578.61,-2874388826.94,-972377796.94,8047044949.43,13044640249.7,10158320966.5,1210216190.0,-2915479064.03,-2893879746.4,-1819251426.4,-8009800.0,2578084840.79,5935467066.16,7416839961.49,4410556242.5,-1479146606.66,-1372249353.35,-1264859841.46,-155885887.5,17442149558.82,-685227788.88
69,FOREX_EFFECTS,汇率变动对现金及现金等价物的影响,汇率变动对现金及现金等价物的影响,1,3,分组/标题,,,,,,,,,,,,,,,,,,,,,,,,,,,,,,,,,,,,,,,,,,,,,,,,,,,,,,,,,,,,,,,,,,,,,,,,,,,,,,,,,,,,,,,,,,
70,forexEffects,汇率变动对现金及现金等价物的影响,汇率变动对现金及现金等价物的影响,2,0,金额类,,7490155.47,14935975.31,-13155807.27,17079752.54,-45765014.4,15760321.47,-592154.66,27542956.08,60608767.99,77088067.93,-33496879.09,141690153.9,126314607.55,79404724.29,79367022.83,-85945498.2,-95457953.96,-55240203.54,-30162188.45,-86009125.31,-36095064.65,289029510.79,79924654.7,24080600.22,72795669.91,6086735.7,-21949692.74,96947209.7,66325415.85,45292927.17,-6310926.89,-34999823.89,-26255396.19,-44991935.78,-4236470.1,9724806.29,-5597336.99,-1047424.6,-181018.63,481494.17,307354.85,-17209.07,100464.47,-5699121.4,70186.7,64573.78,51307.5,-326970.67,-339788.73,-214699.09,-37812.51,-29813.77,81209.62,45532.71,-13207.24,-436207.76,-328207.19,-94800.62,,,,,,,,,,,,,,,,,,,,,,,,,,,,,,,0.0
71,othEffectCE,影响现金及现金等价物的特殊项目,影响现金及现金等价物的特殊项目,2,0,金额类,,,,,,,,,,,,,,,,,,,,,,,,,,,,,,,,,,,,,,,,,,,,,,,,,,,,,,,,,,,,,,,,,,,,,,,,,,,,,,,,,,,,,,,,,,
72,ACE,现金及现金等价物的差错金额,现金及现金等价物的差错金额,2,0,金额类,,,,,,,,,,,,,,,,,,,,,,,,,,,,,,,,,,,,,,,,,,,,,,,,,,,,,,,,,,,,,,,,,,,,,,,,,,,,,,,,,0.0,0.0,0.0,0.0,0.0,0.0,0.0,0.0,0.0,0.0
73,CASH,现金及现金等价物,现金及现金等价物,1,3,分组/标题,,,,,,,,,,,,,,,,,,,,,,,,,,,,,,,,,,,,,,,,,,,,,,,,,,,,,,,,,,,,,,,,,,,,,,,,,,,,,,,,,,,,,,,,,,
74,NChangeInCash,现金及现金等价物净增加额,现金及现金等价物净增加额,2,0,金额类,,3757085496.38,2852873522.48,-418855729.94,-1303406115.58,-1297399138.89,1801820788.16,257006096.81,-2817073127.76,-2842144739.76,2551296306.29,92598731.36,347845318.55,-378464657.21,829131984.55,-1018066281.88,700565807.88,-394787138.13,-1455252660.02,-3607888618.95,1906272811.77,1013890268.37,614047469.26,199810067.11,1983455803.98,1091385084.06,1980196595.99,-209594306.72,134251903.22,1823345352.14,477685579.25,-846256748.78,1830475021.48,2793945823.5,2005250492.62,293225643.76,-1159873025.34,-296727893.04,1690696223.44,-76620867.53,-1055212045.09,-1066787412.91,-3245868074.49,2329963162.58,849912457.28,1186172114.96,433645532.36,-270507893.47,715660226.21,3053291263.43,2878934608.64,1153436210.95,-2207770296.72,-2215499803.56,382269810.82,-1459535386.36,1855379611.93,222568263.73,-4749661.48,2695232663.87,-213607258.05,-1239237395.21,-124254660.83,-1114929756.44,-608639254.14,1292863852.81,39197223.94,990134706.85,-261918328.46,-1177120157.36,-646469430.9,-314421087.69,275227123.49,1952154349.89,-1052546586.03,1670822060.97,1852724214.73,305011719.41,61738317.55,72745573.16,-1500777711.26,-378923076.85,-318420529.09,-475625025.65,1090500418.97,-197905008.16,199609109.22,105348303.84,-17922432.32,-729833739.48
75,NCEBegBal,加:期初现金及现金等价物余额,加:期初现金及现金等价物余额,2,0,金额类,,6521876990.51,6521876990.51,6522364192.01,7811570259.5,7793931617.97,7818249187.73,7818249187.73,10628643387.26,10628364964.92,10628364964.92,10628364964.92,10280519646.37,10280519646.37,10280519646.37,10280519646.37,9224213791.79,9224213791.79,9224213791.79,9224213791.79,7317940980.02,7317940980.02,7317940980.02,7317940980.02,5334485176.04,5334485176.04,5334485176.04,5334485176.04,5200233272.82,5200233272.82,5200233272.82,5200233272.82,3369758251.34,3369758251.34,3369758251.34,3369758251.34,4529631276.68,4529631276.68,4529631276.68,4529631276.68,5584843321.77,5585652644.12,5584843321.77,3113736735.76,2263824278.48,2263824278.48,2263824278.48,2263824278.48,1548164052.27,1548164052.27,1548164052.27,1548164052.27,3755934348.99,3755934348.99,3755934348.99,3755934348.99,1900554737.06,1900554737.06,1900554737.06,1900554737.06,2114161995.11,2114161995.11,2114161995.11,2114161995.11,2722801249.25,2722801249.25,2656412062.4,2722801249.25,2984719577.71,2984719577.71,2798395702.9,2798395702.9,2523168579.41,2523168579.41,2523168579.41,2523168579.41,670444364.68,670444364.68,670444364.68,670444364.68,2171222075.94,2171222075.94,2171222075.94,2171222075.94,1080721656.97,1080721656.97,1080721656.97,1080721656.97,1098644089.29,1098644089.29
76,othEffectCEI,影响期末现金及现金等价物余额的特殊项目,影响期末现金及现金等价物余额的特殊项目,2,0,金额类,,,,,,,,,,,,,,,,,,,,,,,,,,,,,,,,,,,,,,,,,,,,,,,,,,,,,,,,,,,,,,,,,,,,,,,,,,,,,,,,,,,,,,,,,,
77,ACEI,期末现金及现金等价物余额的差错金额,期末现金及现金等价物余额的差错金额,2,0,金额类,,,,,,,,,,,,,,,,,,,,,,,,,,,,,,,,,,,,,,,,,,,,,,,,,,,,,,,,,,,,,,,,,,,,,,,,,,,,,,,,,,,,,,,,,,
78,NCEEndBal,期末现金及现金等价物余额,期末现金及现金等价物余额,2,0,金额类,,10278962486.89,9374750512.99,6103508462.07,6508164143.92,6496532479.08,9620069975.89,8075255284.54,7811570259.5,7786220225.16,13179661271.21,10720963696.28,10628364964.92,9902054989.16,11109651630.92,9262453364.49,9924779599.67,8829426653.66,7768961131.77,5616325172.84,9224213791.79,8331831248.39,7931988449.28,7517751047.13,7317940980.02,6425870260.1,7314681772.03,5124890869.32,5334485176.04,7023578624.96,5677918852.07,4353976524.04,5200233272.82,6163704074.84,5375008743.96,3662983895.1,3369758251.34,4232903383.64,6220327500.12,4453010409.15,4529631276.68,4518865231.21,2338975247.28,5443699898.34,3113736735.76,3449996393.44,2697469810.84,1993316385.01,2263824278.48,4601455315.7,4427098660.91,2701600263.22,1548164052.27,1540434545.43,4138204159.81,2296398962.63,3755934348.99,2123123000.79,1895805075.58,4595787400.93,1900554737.06,874924599.9,1989907334.28,999232238.67,2114161995.11,4015665102.06,2695609286.34,3712935956.1,2722801249.25,1807599420.35,2151926272.0,2483974615.21,2798395702.9,4475322929.3,1470621993.38,4193990640.38,2523168579.41,975456084.09,732182682.23,743189937.84,670444364.68,1792298999.09,1852801546.85,1695597050.29,2171222075.94,882816648.81,1280330766.19,1186069960.81,1080721656.97,368810349.81
