序号,字段代码,字段名称,展示名称,层级,单位代码,单位说明,公式,2025三季报,2025半年报,2025一季报,2024年报,2024三季报,2024半年报,2024一季报,2023年报,2023三季报,2023半年报,2023一季报,2022年报,2022三季报,2022半年报,2022一季报,2021年报,2021三季报,2021半年报,2021一季报,2020年报,2020三季报,2020半年报,2020一季报,2019年报,2019三季报,2019半年报,2019一季报,2018年报,2018三季报,2018半年报,2018一季报,2017年报,2017三季报,2017半年报,2017一季报,2016年报,2016三季报,2016半年报,2016一季报,2015年报,2015三季报,2015半年报,2015一季报,2014年报,2014三季报,2014半年报,2014一季报,2013年报,2013三季报,2013半年报,2013一季报,2012年报,2012三季报,2012半年报,2012一季报,2011年报,2011三季报,2011半年报,2011一季报,2010年报,2010三季报,2010半年报,2010一季报,2009年报,2009三季报,2009半年报,2009一季报,2008年报,2008三季报,2008半年报,2008一季报,2007年报,2007三季报,2007半年报,2007一季报,2006年报,2006三季报,2006半年报,2006一季报,2005年报,2005三季报,2005半年报,2005一季报,2004年报,2004三季报,2004半年报,2004一季报,2003年报,2002年报
1,ASSETS,资产,资产,1,3,分组/标题,,,,,,,,,,,,,,,,,,,,,,,,,,,,,,,,,,,,,,,,,,,,,,,,,,,,,,,,,,,,,,,,,,,,,,,,,,,,,,,,,,,,,,,,,,
2,cashCEquiv,货币资金,货币资金,2,0,金额类,,10328949334.16,9424737205.28,6154257067.61,6569054425.22,6558947132.69,9628261253.87,8062140600.89,7823650159.5,7762267042.93,13144176159.87,10681709584.42,10638044864.92,6599488769.62,10330480360.64,7844971081.54,9929980061.69,8834626963.78,7774161131.77,5623325172.84,9231213791.79,8265574451.61,7937500349.28,7523262947.13,7323452880.02,6428766160.1,7319077672.03,5127561753.82,5336881040.54,7024798798.76,5679139025.87,4355196697.84,5201453446.62,6173314432.58,5384305561.7,3672300552.78,3379074909.02,4232903383.64,6220327500.12,4279060435.8,4529631276.68,2440949322.85,1605683707.55,5443699898.34,3113736735.76,3449996393.44,2697469810.84,1993316385.01,2263824278.48,4601455315.7,4427098660.91,2701600263.22,1548164052.27,1540434545.43,4138204159.81,2296398962.63,3755934348.99,2123123000.79,1895805075.58,4595787400.93,1900554737.06,874924599.9,1989907334.28,999232238.67,2114161995.11,4015665102.06,2606283958.77,3558038624.94,2722801249.25,1700816489.64,2151926272.0,2483974615.21,2798395702.9,4475322929.3,1470621993.38,4193990640.38,2523168579.41,975456084.09,732182682.23,743189937.84,670444364.68,1792298999.09,1852801546.85,1695597050.29,2171222075.94,882816648.81,1280330766.19,1186069960.81,1080721656.97,1098644089.29
3,settProv,结算备付金,结算备付金,2,0,金额类,,,,,,,,,,,,,,,,,,,,,,,,,,,,,,,,,,,,,,,,,,,,,,,,,,,,,,,,,,,,,,,,,,,,,,,,,,,,,,,,,,,,,,,,,,
4,loanToBankFi,拆出资金,拆出资金,2,0,金额类,,,,,,,,,,,,,,,,,,,,,,,,,,,,,,,,,,,,,,,,,,,,,,,,,,,,,,,,,,,,,,,,,,,,,,,,,,,,,,,,,,,,,,,,,,
5,tradingFa,交易性金融资产,交易性金融资产,2,0,金额类,,,,,,,,,,,,,,,,,,,,,,,,,,,,,,,,9880.0,10270.0,11920.0,11970.0,84100.0,92880.0,85460.0,35175.0,,99545.0,,,,,,,,,1781000.0,1785800.0,1805400.0,1782600.0,1786600.0,1804400.0,1778200.0,1780000.0,1627400.0,1707600.0,1754800.0,1739200.0,1953750.0,1831200.0,1746800.0,1001976848.11,1740900.0,,,1925800.0,43620.0,,,,,,,,,0.0,,,,,,,,,,,
6,derivAssets,衍生金融资产,衍生金融资产,2,0,金额类,,,,,,,,,21113693.72,,,,,,,,,,,,,,,,,,,,,,,,,,,,,,,,,,,,,,,,,,,,,,,,,,,,,,,,,,,,,,,,,,,,,,,,,,,,,,,,,
7,nrAr,应收票据及应收账款,应收票据及应收账款,2,0,金额类,,15202998830.95,11714194794.56,9590940566.37,9326624055.45,12513550290.02,11913906360.5,7894548351.59,8514603738.09,23704458518.3,12884573979.92,19604048216.33,15227946749.37,5693409588.59,7187488588.07,4241121289.91,3768783444.57,9242782341.78,4507545083.3,3375496675.62,3667721602.74,9461459532.14,6941631803.71,3865735904.76,2946996813.72,5987451133.19,4717444936.0,3540798911.13,2629743599.8,6502748196.15,4950802831.8,3252839933.47,3290150306.64,6922520927.17,5203221322.8,3447769902.98,3197624578.51,5542460684.89,5907795730.99,1929262532.38,3072900297.06,3925600444.41,2953069616.56,1803764502.04,1926720436.4,4882714711.25,2889334089.35,1482124813.57,1567655350.07,3152708948.16,2920995237.44,1555377798.5,1607784608.42,4097052856.46,2957087408.69,1750043794.12,2064874734.0,5557488492.7,3665944695.08,2672788158.62,2543090458.69,7511757682.65,4177305347.52,2536285276.17,2414083761.03,6695439684.95,3881717164.19,2349816436.92,2700389458.92,6855402109.46,3487386812.01,1885127842.39,1923407556.99,4920216159.1,2988648329.49,1873598139.0,1199355979.03,3535638818.41,2860320120.49,2055051847.32,1435459782.52,4635333324.17,3603876182.39,2342092736.05,2131419042.94,3689658125.11,3332695676.13,2627425899.3,1585642489.53,704327755.58
8,notes/R,应收票据及应收账款:应收票据,  应收票据及应收账款:应收票据,2,0,金额类,,,1160000.0,1160000.0,,,,,,530000000.0,200000.0,278144.44,278144.44,450000.0,662250.0,539387.21,524640.21,300300000.0,954931.25,2954931.25,17673000.0,13698240.0,4210000.0,2640000.0,2560000.0,2534610.0,2484610.0,3769800.0,3669800.0,15050000.0,49450000.0,109700000.0,77050000.0,22485800.0,42920000.0,75083623.05,86967495.25,106000000.0,90950000.0,75350000.0,109150000.0,95390000.0,87690000.0,100340000.0,110470000.0,86760000.0,109118000.0,118758000.0,161231470.0,152514908.0,118711874.0,163436966.0,161014934.0,50764934.0,160768280.0,304138280.0,755812800.0,184310000.0,984917965.95,195920000.0,1194272979.06,354357921.44,1243700000.0,383770000.0,1127980059.96,397200000.0,1778129254.67,149500000.0,1067592534.09,560500000.0,1095500000.0,194000000.0,919000000.0,447058800.0,790000000.0,146000000.0,85000000.0,608500000.0,940902593.65,252546464.6,49686076.9,687698381.65,1344540616.42,860400000.0,621823329.84,830477668.99,1469297410.5,533979972.32,408463772.46,195271000.0
9,AR,应收票据及应收账款:应收账款,  应收票据及应收账款:应收账款,2,0,金额类,,15202998830.95,11713034794.56,9589780566.37,9326624055.45,12513550290.02,11913906360.5,7894548351.59,8514603738.09,23174458518.3,12884373979.92,19603770071.89,15227668604.93,5692959588.59,7186826338.07,4240581902.7,3768258804.36,8942482341.78,4506590152.05,3372541744.37,3650048602.74,9447761292.14,6937421803.71,3863095904.76,2944436813.72,5984916523.19,4714960326.0,3537029111.13,2626073799.8,6487698196.15,4901352831.8,3143139933.47,3213100306.64,6900035127.17,5160301322.8,3372686279.93,3110657083.26,5436460684.89,5816845730.99,1853912532.38,2963750297.06,3830210444.41,2865379616.56,1703424502.04,1816250436.4,4795954711.25,2780216089.35,1363366813.57,1406423880.07,3000194040.16,2802283363.44,1391940832.5,1446769674.42,4046287922.46,2796319128.69,1445905514.12,1309061934.0,5373178492.7,2681026729.13,2476868158.62,1348817479.63,7157399761.21,2933605347.52,2152515276.17,1286103701.07,6298239684.95,2103587909.52,2200316436.92,1632796924.83,6294902109.46,2391886812.01,1691127842.39,1004407556.99,4473157359.1,2198648329.49,1727598139.0,1114355979.03,2927138818.41,1919417526.84,1802505382.72,1385773705.62,3947634942.52,2259335565.97,1481692736.05,1509595713.1,2859180456.12,1863398265.63,2093445926.98,1177178717.07,509056755.58
10,finan/R,应收票据及应收账款:应收款项融资,  应收票据及应收账款:应收款项融资,2,0,金额类,,,,,,,,,,,,,,,,,,,,,,,,,,,,,,,,,,,,,,,,,,,,,,,,,,,,,,,,,,,,,,,,,,,,,,,,,,,,,,,,,,,,,,,,,,
11,prepayment,预付款项,预付款项,2,0,金额类,,171704294.02,155763880.16,127065713.84,87429651.53,136902674.81,157290848.44,101965693.31,77585806.42,53624708.26,49425242.14,125732514.56,76589245.11,208102270.56,140086076.16,120897008.09,93606544.48,56708533.38,54620349.16,61846596.89,48859512.5,34394609.08,34744336.93,16212779.4,14453284.98,19687165.45,18223287.14,12455200.59,10236070.68,14974149.27,37960257.15,33916789.0,30042910.75,38402577.75,35973398.08,35551412.52,34519815.24,19946049.26,20409774.96,10160880.56,10031323.53,14958488.86,18722075.14,17228051.44,9113703.48,35481243.79,27456394.9,33832324.99,19007190.34,95388876.84,84238658.2,78737194.9,74252974.17,66423922.83,23636898.4,20924389.65,16399134.9,35826038.79,48979172.55,24620493.29,4943598.46,49680690.0,77282399.97,82959969.16,33631159.51,24295771.83,13010425.4,33126541.61,37362844.76,34716663.15,36659299.33,50683320.56,18928892.43,47496981.42,39967427.94,30689179.2,24380939.58,217051191.53,202912320.36,150234590.45,110830436.8,111521682.53,119086425.36,107040437.69,88878121.15,90395106.35,94552108.6,3116627.73,10660747.66,14429090.55
12,premium/R,应收保费,应收保费,2,0,金额类,,,,,,,,,,,,,,,,,,,,,,,,,,,,,,,,,,,,,,,,,,,,,,,,,,,,,,,,,,,,,,,,,,,,,,,,,,,,,,,,,,,,,,,,,,
13,reinsur/R,应收分保账款,应收分保账款,2,0,金额类,,,,,,,,,,,,,,,,,,,,,,,,,,,,,,,,,,,,,,,,,,,,,,,,,,,,,,,,,,,,,,,,,,,,,,,,,,,,,,,,,,,,,,,,,,
14,reinsurReser/R,应收分保合同准备金,应收分保合同准备金,2,0,金额类,,,,,,,,,,,,,,,,,,,,,,,,,,,,,,,,,,,,,,,,,,,,,,,,,,,,,,,,,,,,,,,,,,,,,,,,,,,,,,,,,,,,,,,,,,
15,oth/RT,其他应收款(合计),其他应收款(合计),2,0,金额类,,322226903.79,1629886075.25,176384125.71,323000402.26,434553227.08,1961031705.12,314518066.18,301516161.78,388431058.55,1579470750.0,327160987.6,329572999.35,1142336552.07,1873995873.69,496203687.79,628719306.5,916658209.75,2019481819.8,154904018.22,497300115.36,314401252.75,1283081446.69,156003651.47,68071011.56,381165757.55,999781290.17,61501854.1,79980202.1,345082734.12,874285517.15,215726559.35,354337487.47,266536332.08,593913465.95,125281023.69,666584711.48,294341399.31,631273117.45,313074793.75,136625826.95,581843306.92,845770665.35,192886708.72,377995765.55,1016264919.3,1483645143.3,969518968.83,756800315.85,969101048.81,1419490092.61,1007632270.96,996594443.4,1463481241.21,1626129588.7,1251501520.71,1303465964.83,1549252892.59,590463792.64,279344947.34,196657999.93,27558652.89,228408137.05,24880144.88,19456832.32,32029379.5,85678486.45,2526355.67,23273378.04,2703690.53,83537943.31,55773234.49,3360683.83,191677575.33,709803153.73,34893554.68,15596876.75,18114504.72,5063091.56,5557953.24,3371702.46,6280301.56,22084351.09,52233937.6,25490718.23,46298419.82,24417015.93,25315479.8,14230070.61,18931326.26
16,int/R,其他应收款(合计):应收利息,  其他应收款(合计):应收利息,2,0,金额类,,,,,,,,,,,,,,,,,,,,,,,,,,,,,,,,,,10769432.76,21997793.2,5747869.05,640062.5,581875.0,581875.0,,,,,,,,,,,,,,,,271541.67,327277.78,1848569.03,311111.1,,957005.54,1604530.55,1111111.11,,,13586.3,,,,,,,,,,,,,,,,,,,,,474295.89,,,4990722.19,1391500.0
17,div/R,其他应收款(合计):应收股利,  其他应收款(合计):应收股利,2,0,金额类,,154105930.33,1417137096.34,6499350.0,155409691.3,208636663.84,1752914510.72,120305200.0,120305200.0,185147150.62,1221208859.96,,120305200.0,121350539.06,1193318948.21,55028400.0,55028400.0,62819594.79,1497292655.2,45473100.0,45473100.0,137576977.92,1084786965.56,50045000.0,50045000.0,335376392.87,965374027.16,29909000.0,53218435.0,307565452.66,,159874360.7,159874360.7,138336383.09,428155104.47,,,148560492.65,476508644.72,102076909.56,10224109.56,82816652.37,475266265.88,,,,494957882.67,68315520.0,129122721.36,35203600.68,374601777.21,,,98214600.68,374202065.45,,,199283863.47,415990002.07,179394178.52,179394178.52,367022.5,203420437.3,,,,83700000.0,,,319150.0,78922411.32,,,184390691.71,1794864.0,,,,,,,,,,,,,,,9545700.0
18,oth/R,其他应收款(合计):其他应收款,  其他应收款(合计):其他应收款,2,0,金额类,,,212748978.91,,,,208117194.4,,181210961.78,,358261890.04,,209267799.35,,680676925.48,,573690906.5,,522189164.6,,451827015.36,,198294481.13,,18026011.56,,34407263.01,,26761767.1,,,55852198.65,194463126.77,117430516.23,143760568.28,119533154.64,665944648.98,145199031.66,154182597.73,210997884.19,126401717.39,499026654.55,370504399.47,192886708.72,377995765.55,1016264919.3,988687260.63,901203448.83,627677594.49,933897448.13,1044888315.4,1007632270.96,996594443.4,1365266640.53,1251655981.58,1251174242.93,1301617395.8,1349657918.02,174473790.57,98993763.28,15659290.86,26080519.28,24987699.75,24880144.88,19443246.02,32029379.5,1978486.45,2526355.67,23273378.04,2384540.53,4615531.99,55773234.49,3360683.83,7286883.62,708008289.73,34893554.68,15596876.75,18114504.72,5063091.56,5557953.24,3371702.46,6280301.56,22084351.09,52233937.6,25490718.23,45824123.93,24417015.93,25315479.8,9239348.42,7994126.26
19,purResaleFa,买入返售金融资产,买入返售金融资产,2,0,金额类,,,,,,,,,,,,,,,,,,,,,,,,,,,,,,,,,,,,,,,,,,,,,,,,,,,,,,,,,,,,,,,,,,,,,,,,,,,,,,,,,,,,,,,,,,
20,inventories,存货,存货,2,0,金额类,,830768173.22,732829397.8,654623143.31,641979948.58,686771356.18,614796351.57,577315618.29,586548003.46,642143885.12,608130446.01,587684228.46,567385580.82,525732018.75,490670373.88,487298849.68,470031320.31,385481709.49,325546221.94,296708414.25,282060444.83,422205224.13,347400739.12,238926678.76,222400775.52,279953840.39,249068787.12,242390401.49,219192463.11,281786740.26,271240503.65,265627080.8,257031170.41,450411029.0,441766784.16,439422831.41,438880908.13,518866318.27,513784611.57,403055700.45,507100926.91,434159102.54,426146929.9,425715017.78,427754155.45,452430634.49,449795704.88,448709879.19,450957055.5,450348775.89,446548867.72,433287658.63,422332878.03,425274571.0,338733015.07,340548875.5,331504152.59,386650545.35,369711791.32,323124775.05,312617483.08,315519371.82,289602267.78,278002702.16,274181751.61,221488577.49,214891475.66,210437686.37,207908887.52,205560652.7,194274249.77,188404359.61,180474066.16,184799912.38,179166609.79,182415533.94,175305547.45,165439295.42,154032382.19,160357514.09,152374732.7,167011549.48,165177526.31,132217120.0,78667739.3,57077100.34,35096537.32,25762454.8,30377907.22,33761826.5
21,contAssets,合同资产,合同资产,2,0,金额类,,,,,,6534859.44,6534859.44,6534859.44,11348594.37,,,,,,,,,,,,,,,,,,,,,,,,,,,,,,,,,,,,,,,,,,,,,,,,,,,,,,,,,,,,,,,,,,,,,,,,,,,,,,,,,
22,assetsHFSale,持有待售资产,持有待售资产,2,0,金额类,,,,,,,,,,,,,,,,,,,,,,,,,,,,,,,,,,,815311.0,19998452.41,19998452.41,,,,,,,,,,,,,,,,,,,,,,,,,,,,,,,,,,,,,,,,,,,,,,,,,,,,,
23,ncaWithin1Y,一年内到期的非流动资产,一年内到期的非流动资产,2,0,金额类,,,,,,,,,,,,,,,,,,,,,,,,,,,,,,,,,,,,,,,,,,,,,,,,,,,,,,,,,,,,,,,,,,,,,,,,,,,,,,,,,,,,,,,,,,
24,othCa,其他流动资产,其他流动资产,2,0,金额类,,256283612.11,234323243.57,408522998.56,255680295.5,608363129.27,575049500.97,318819026.62,408862261.95,550604854.63,626921472.42,552826275.47,249852773.42,1749603426.96,3113282510.48,449959388.88,3032334387.33,493915037.13,766266729.26,875991447.96,948456661.57,12971054733.4,420152086.13,635342665.77,459771956.64,514822500.05,683228182.75,1392103870.85,1208912001.01,1197971939.99,514689074.44,632879885.36,1054153686.4,1485099995.69,2828813046.12,3545039580.38,1338292967.04,300000000.0,322500000.0,,,,,,,,,,,,,,,48116.14,140048116.14,270000000.0,384561903.03,370000000.0,1496706815.37,1770090120.0,1600060240.0,1250000000.0,250000000.0,,,400000000.0,400000000.0,,,,,,,,,,,,,,,,,,,,,,,
25,CAE,流动资产的特殊项目,流动资产的特殊项目,2,0,金额类,,,,,,,,,,,,,,,,,,,,,,,,,,,,,,,,,,,,,,,,,,,,,,,,,,,,,,,,,,,,,,,,,,,,,,,,,,,0.0,,,4472341.26,0.0,200000000.0,266075900.0,277000000.0,310000000.0,703325300.0,722451450.0,326007575.0,416071650.0,,291813560.0,
26,CAA,流动资产的差错金额,流动资产的差错金额,2,0,金额类,,,,,,,,,,,,,,,,,,,,,,,,,,,,,,,,,,,,,,,,,,,,,,,,,,,,,,,,,,,,,,,,,,,,,,,,,,,,,,,0.0,,,,,,,,,,,
27,tCa,流动资产合计,流动资产合计,2,0,金额类,,27112931148.25,23891734596.62,17111793615.4,17203768778.54,20945622669.49,24856870879.91,17275842216.32,17745228419.29,33101530067.79,28892698050.36,31879161806.84,27089392212.99,15918672626.55,23136003782.92,13640451305.89,17923455064.88,19930172795.31,15447621335.23,10388272325.78,14675612128.79,31469089803.11,16964510761.86,12435484627.29,11035146722.44,13611846556.73,13986824155.21,10376811991.98,9484945377.24,15367362558.55,12328117210.06,8756196825.82,10187179278.29,15336297214.27,14488820859.81,11285447856.17,9075069221.83,10908603295.37,13616125910.09,6934614342.94,8256389196.13,7397510665.58,5849392994.5,7883294178.32,5855320796.64,9836887902.27,7547701143.27,4927502371.59,5058244190.24,9270783965.4,9300157316.88,5778440586.21,4650911556.29,7594501853.07,9225643586.81,5931195742.61,7858520238.34,10023968370.22,8069318942.54,9667510695.23,6559663717.22,10031394747.26,7014336686.6,3923107131.04,5857492347.69,11390659415.83,7201581510.47,6153945645.51,5693661618.49,8799243225.48,5953784576.42,4663963372.26,4924566902.31,9819513557.53,5388207514.33,6315587047.2,3937807922.22,4916172235.43,3954510596.83,3314391842.94,2638556919.16,6989445856.83,6073026032.0,5032506581.63,5218129147.56,5092252975.43,5183163754.17,3867690422.44,3013446431.99,1870094088.18
28,disburLa,发放委托贷款及垫款,发放委托贷款及垫款,2,0,金额类,,,,,,,,,,,,,,,,,,,,,,,,,,,,,,,,,,,,,,,,,,,,,,,,,,,,,,,,,,,,,,,,,,,,,,,,,,,,,,,,,,,,,,,,,,
29,tradOthCompreFa,以公允价值计量且其变动计入其他综合收益的金融资产,以公允价值计量且其变动计入其他综合收益的金融资产,2,0,金额类,,,,,,,,,,,,,,,,,,,,,,,,,,,,,,,,,,,,,,,,,,,,,,,,,,,,,,,,,,,,,,,,,,,,,,,,,,,,,,,,,,,,,,,,,,
30,tradAmortizeFa,以摊余成本计量的金融资产,以摊余成本计量的金融资产,2,0,金额类,,,,,,,,,,,,,,,,,,,,,,,,,,,,,,,,,,,,,,,,,,,,,,,,,,,,,,,,,,,,,,,,,,,,,,,,,,,,,,,,,,,,,,,,,,
31,availFSaleFa,可供出售金融资产,可供出售金融资产,2,0,金额类,,,,,,,,,,,,,,,,,,,,,,,,,,,,,18123005437.9,15066837083.98,14508931093.98,17097705599.56,15633047846.31,12563772024.29,9405575473.83,9140295871.79,7114612797.87,6241993966.48,5520647509.14,5081087200.26,5408115118.39,5185633498.35,6748707080.64,6214031655.06,6729313639.98,5216314840.19,5322266346.73,5013757279.39,5464813171.64,5588952191.05,5276504822.32,6037879743.05,5913697608.56,5161717289.32,5163368539.37,5893921105.39,5400737606.0,4895437432.8,6573587305.05,7462248512.99,7227660499.26,6686129667.95,6342955901.55,6507422050.83,6887549478.43,6287262465.79,6194651700.48,4565047930.03,5159294835.35,6457734246.11,8058840162.88,8519102258.15,10974113035.17,11880895127.34,8057966444.2,8372546414.77,8862996640.47,,,,,,,,,,,,,
32,htmInvest,持有至到期投资,持有至到期投资,2,0,金额类,,,,,,,,,,,,,,,,,,,,,,,,,,,,,,,,,,,,,,,,,,,,,,,,,,,,1000100120.0,,500050120.0,,,,,,,,,300000000.0,,,600000000.0,600000000.0,,,,,,,1201197147.95,,,,,,,,,,,,,,,,
33,debtInvest,债权投资,债权投资,2,0,金额类,,1159149885.81,1160330900.4,1058057448.5,1016091728.01,1051866241.28,1049983833.43,1040970165.47,1052752691.2,1003380551.92,1040325554.33,975439027.22,1034000503.9,952117500.96,995849448.69,979697290.88,1014594368.22,1041662592.77,1064876195.99,1046161726.12,1139169084.08,1117786520.24,1159295721.46,1125886211.03,1148277903.43,1121315771.93,2993534369.16,,,,,,,,,,,,,,,,,,,,,,,,,,,,,,,,,,,,,,,,,,,,,,,,,,,,,,,,,,,,,,,
34,othDebtInvest,其他债权投资,其他债权投资,2,0,金额类,,,,,,,,,,,,,,,,,,,,,,,,,,,,,,,,,,,,,,,,,,,,,,,,,,,,,,,,,,,,,,,,,,,,,,,,,,,,,,,,,,,,,,,,,,
35,lt/R,长期应收款,长期应收款,2,0,金额类,,,,,,,,,,,,,,,,,,,,,,,,,,,,,,,,,,,,,,,,,,,,,,,,,,,,,,,,,,,,,,,,,,,,,,,,,,,,,,,,,,,,,,,,,,
36,ltEquityInvest,长期股权投资,长期股权投资,2,0,金额类,,76123371667.62,74296567144.09,74572510933.62,73319357743.59,74575444871.63,72980650588.11,72795711799.06,71684283644.31,70428031041.87,69047210737.12,67950510377.22,67166066218.63,65463174558.14,64578893985.9,64013448420.78,60716844608.7,61559975151.18,59276969770.37,52446626400.17,50424131310.62,48054854594.79,45851439011.06,42021422591.87,40258231503.89,34530063846.7,33554628374.39,31782181611.69,21487030925.49,21004630801.45,20817567436.54,17190746382.6,16155838409.97,17794504074.75,14546210678.16,13968008528.59,13097435538.57,12822968788.41,11620045563.14,11363581195.79,11156927719.29,10488108892.8,9891082161.19,9764466661.15,9690927914.42,9303908776.16,8912609246.29,8919116092.25,8770020385.16,9095826053.92,8961299762.41,8986818173.05,8878954333.06,8623557237.69,7896861814.03,7392266535.28,7217135127.2,6826041791.65,6784849620.66,7675560736.6,7643867560.5,8326477516.9,7413183065.91,7417497664.71,7393659843.78,7008256106.69,6984721880.6,6816618999.58,6672173773.66,6143651535.07,5996088337.63,6060850873.8,6070727788.63,5651029765.53,4709170241.61,1375291230.42,1324011170.25,2292817114.88,2189667860.66,2181283552.19,2192577488.15,2183427569.37,2184891712.22,2178338299.01,2174984932.36,2174105213.06,171949177.38,182622440.46,179898241.46,169322250.85
37,othEquityInvest,其他权益工具投资,其他权益工具投资,2,0,金额类,,4452402345.43,4707461786.37,4140473465.07,3914542906.75,3461226803.58,3437628379.71,3344318259.71,3270244969.53,3129084352.21,3533600257.39,3362285046.26,3312302551.08,3101484647.3,3392932982.6,3620815075.55,3457356904.37,3618307755.32,3713816851.95,4018919314.13,3609195163.56,3251818710.52,4124574705.96,4214305302.15,4432380427.04,5167674680.07,5652136234.98,5465525020.53,,,,,,,,,,,,,,,,,,,,,,,,,,,,,,,,,,,,,,,,,,,,,,,,,,,,,,,,,,,,,,
38,assetsNc,其他非流动金融资产,其他非流动金融资产,2,0,金额类,,1990433288.67,1839119044.92,1796522953.09,1897358777.49,1847666449.84,1764711354.81,1665907591.5,1663300964.65,2780459323.39,2621270392.23,1661154493.65,1611389626.19,1596986826.7,1760510546.78,1399592612.73,1622160091.31,1548127634.14,1709259532.55,5646841480.46,4713666463.26,4847171752.33,4288270891.78,5830742413.42,5812035941.91,3824655928.05,2912557442.08,3255530976.37,,,,,,,,,,,,,,,,,,,,,,,,,,,,,,,,,,,,,,,,,,,,,,,,,,,,,,,,,,,,,,
39,invRealEstate,投资性房地产,投资性房地产,2,0,金额类,,100918764.08,102330338.54,115812280.49,106387511.0,98748199.62,101560137.13,91535979.29,103479850.76,104478860.19,102880852.38,96657190.57,101238293.84,97320397.68,95321834.4,116197184.63,113822846.75,112064787.8,110880182.0,119993967.28,125275104.17,111163928.43,117911382.53,27279718.37,27552840.37,27825940.37,28099064.37,28372182.37,28645291.37,28918391.37,29191511.37,29464625.37,29737737.37,74725522.6,75357558.27,76171651.94,76621558.61,77344600.28,77885557.95,78517553.62,79149552.38,47585661.59,47944539.26,48303416.93,48662294.6,49021172.27,49380049.94,49738927.61,50097805.28,73875125.82,74420948.31,74966770.8,75512593.29,76058415.78,76604238.27,75945079.05,76481722.26,76811649.01,77347043.95,77882438.89,78417833.83,77205241.72,77729828.26,78254414.8,66250330.6,67225498.15,,,68527789.15,,,,,,,,,,,,,,,,,,,,,
40,fixAssetsT,固定资产(合计),固定资产(合计),2,0,金额类,,417532294682.31,421777543433.51,426104350853.17,430425651337.93,433793516629.88,437053203733.99,440306633623.35,445513230976.26,437480671668.72,442285774433.44,445664890267.13,450480026644.17,212408673522.85,214714924154.28,216524393190.69,218712613101.63,222410723625.0,225574480100.52,228417054028.3,231119863354.48,229235167747.73,232267346707.87,223462272887.04,226291965212.17,228863303165.5,231853466941.82,234884914108.04,237911888113.03,240590528816.07,243597300385.94,246645172127.24,249701555128.18,252775192442.21,255654871357.68,258715698952.46,261782161124.33,264793373558.66,267604845343.93,117345520338.72,273720688050.3,120239828136.32,121486662711.26,123003188406.24,124098129252.76,125040641605.77,126553414522.31,128108804499.01,129672188862.06,130843080598.8,132202545039.04,133786173173.05,135352034720.06,136813375039.38,134642977538.82,136162861123.36,137677380793.1,139110108187.02,132878474821.15,134302034515.32,135751192586.81,137194420933.0,138620939682.83,140054731026.59,141502388037.78,142930369573.36,39516400508.85,39987651298.04,40549700266.33,40849301648.97,41301633309.62,41773429610.15,42252707526.59,42626574631.93,43086298374.12,33031606909.91,33401958252.58,33529165058.32,33812178650.65,34086903296.36,34357282595.94,34586367319.91,34881057476.4,35165359469.65,25615187567.0,25720017823.58,25923531165.25,26133985886.84,26359649997.66,7817886905.76
41,fixedAssets,固定资产(合计):固定资产,  固定资产(合计):固定资产,2,0,金额类,,417532294682.31,421760605455.51,426104350853.17,430425651337.93,433793516629.88,437037424159.96,440306633623.35,445494512370.22,437480671668.72,442257348736.06,445664890267.13,450460356721.12,212408673522.85,214639046994.34,216524393190.69,218698689602.56,222410723625.0,225553502673.72,228417054028.3,231101152705.45,229235167747.73,232246821849.83,223462272887.04,226290667101.97,228863303165.5,231853466941.82,234884914108.04,237911888113.03,240590528816.07,243597300385.94,246645172127.24,249701555128.18,252775192442.21,255654871357.68,258715698952.46,261782161124.33,264793373558.66,267604845343.93,117345520338.72,273720688050.3,120239828136.32,121486662711.26,123003188406.24,124098129252.76,125040641605.77,126553414522.31,128108804499.01,129672188862.06,130843080598.8,132202545039.04,133786173173.05,135352034720.06,136813375039.38,134642977538.82,136162861123.36,137677380793.1,139110108187.02,132878474821.15,134302034515.32,135751192586.81,137194420933.0,138620939682.83,140054731026.59,141502388037.78,142930369573.36,39516400508.85,39987651298.04,40549700266.33,40849301648.97,41301633309.62,41773429610.15,42252707526.59,42626574631.93,43086298374.12,33031606909.91,33401958252.58,33529165058.32,33812178650.65,34086903296.36,34357282595.94,34586367319.91,34881057476.4,35163955462.99,25615187567.0,25720017823.58,25923531165.25,26133985886.84,26359649997.66,7817886905.76
42,fixAssetsD,固定资产(合计):固定资产清理,  固定资产(合计):固定资产清理,2,0,金额类,,,16937978.0,,,,15779574.03,,18718606.04,,28425697.38,,19669923.05,,75877159.94,,13923499.07,,20977426.8,,18710649.03,,20524858.04,,1298110.2,,,,,,,,,,,,,,,,,,,,,,,,,,,,,,,,,,,,,,,,,,,,,,,,,,,,,,,,,,,1404006.66,,,,,,
43,cipTotal,在建工程(合计),在建工程(合计),2,0,金额类,,11410298964.29,10891761130.82,9973831503.3,9359696070.98,5508971926.41,5185309481.67,5350242765.79,5000934415.86,5138059459.82,3967833262.23,3987617251.27,3033854755.93,3353754302.09,3334188052.06,3304659996.22,2891576923.64,2594331205.42,2599322954.29,2556701208.78,2993468500.2,7828012311.26,7616317787.86,6932336672.54,6880639435.66,6867757394.48,6789547114.82,6724276125.58,6691666262.44,6819945601.66,6768341077.4,6123115272.41,6096970422.74,5893817744.26,5861590274.41,5799542312.87,5779062609.19,5524280055.34,5744019177.33,334714395.81,5695794982.56,310007080.53,537764142.94,407681144.15,394459360.82,513312931.77,455202789.57,416938373.36,330504124.98,501202259.78,472053187.33,324500456.05,275236997.63,195457363.85,186929949.51,158154180.46,105460195.88,112815134.5,100308230.02,106849825.1,94158676.65,98768402.09,73853318.9,49082117.54,40775418.36,67913720.09,63448368.32,53145233.46,47852412.35,74892719.79,83916438.17,61436195.23,52473870.49,107605132.27,99676554.16,87636807.77,72126681.08,198218978.25,151473171.61,174887413.26,153415670.09,168824461.43,126276224.3,128263034.31,115146471.55,111787518.86,76581675.28,76155965.76,55053605.36,54554072.43
44,CIP,在建工程(合计):在建工程,  在建工程(合计):在建工程,2,0,金额类,,11410298964.29,10890653985.13,9973831503.3,9359696070.98,5508971926.41,5181117847.42,5350242765.79,4993030333.63,5138059459.82,3957868046.11,3987617251.27,3027449919.39,3353754302.09,3333341917.98,3304659996.22,2890730789.56,2594331205.42,2583793227.11,2556701208.78,2978656023.35,7828012311.26,7587278925.44,6932336672.54,6820572132.91,6867757394.48,6726449843.98,6724276125.58,6618302476.33,6819945601.66,6664824321.97,6024873713.34,5986530329.62,5791437701.53,5772068754.04,5708188472.15,5688066428.55,5420677980.63,5635416705.47,334714395.81,5593470097.11,310007080.53,537764142.94,407681144.15,394459360.82,513312931.77,455202789.57,416938373.36,330504124.98,501202259.78,472053187.33,324500456.05,275236997.63,195457363.85,186929949.51,158154180.46,105460195.88,112815134.5,100308230.02,106849825.1,94158676.65,98768402.09,73853318.9,49082117.54,40775418.36,67913720.09,63448368.32,53145233.46,47852412.35,74892719.79,83916438.17,61436195.23,52473870.49,107605132.27,99676554.16,87636807.77,72126681.08,198218978.25,151473171.61,174887413.26,153415670.09,168824461.43,126276224.3,128263034.31,115146471.55,111787518.86,76581675.28,76155965.76,55053605.36,54554072.43
45,constMaterials,在建工程(合计):工程物资,  在建工程(合计):工程物资,2,0,金额类,,,1107145.69,,,,4191634.25,,7904082.23,,9965216.12,,6404836.54,,846134.08,,846134.08,,15529727.18,,14812476.85,,29038862.42,,60067302.75,,63097270.84,,73363786.11,,103516755.43,98241559.07,110440093.12,102380042.73,89521520.37,91353840.72,90996180.64,103602074.71,108602471.86,,102324885.45,,,,,,,,,,,,,,,,,,,,,,,,,,,,,,,,,,,,,,,,,,,,,,,,,
46,prodBiolAssets,生产性生物资产,生产性生物资产,2,0,金额类,,,,,,,,,,,,,,,,,,,,,,,,,,,,,,,,,,,,,,,,,,,,,,,,,,,,,,,,,,,,,,,,,,,,,,,,,,,,,,,,,,,,,,,,,,
47,cwBiolAssets,公益性生物资产,公益性生物资产,2,0,金额类,,,,,,,,,,,,,,,,,,,,,,,,,,,,,,,,,,,,,,,,,,,,,,,,,,,,,,,,,,,,,,,,,,,,,,,,,,,,,,,,,,,,,,,,,,
48,oilGasAssets,油气资产,油气资产,2,0,金额类,,,,,,,,,,,,,,,,,,,,,,,,,,,,,,,,,,,,,,,,,,,,,,,,,,,,,,,,,,,,,,,,,,,,,,,,,,,,,,,,,,,,,,,,,,
49,usageAssets,使用权资产,使用权资产,2,0,金额类,,691951132.21,716726810.57,731955410.51,754491789.92,732087071.83,681210340.88,707567847.9,741097320.24,612002984.26,635104074.39,634208665.43,655490732.1,627676837.81,607953295.48,623108047.01,637016483.14,668048253.29,682419656.45,686323131.05,,,,,,,,,,,,,,,,,,,,,,,,,,,,,,,,,,,,,,,,,,,,,,,,,,,,,,,,,,,,,,,,,,,,,,
50,intanAssets,无形资产,无形资产,2,0,金额类,,25063078849.99,25275395535.03,25365704648.42,25458642148.54,23649043705.89,23885797013.17,23787263063.23,23781566726.52,22839216799.89,23000810375.91,21908758521.2,22219407020.53,22038159297.36,21212921910.0,20108733667.18,20181419977.24,20452089411.35,20411344258.65,20546292279.28,20614325419.64,277069915.1,265435988.58,184168222.18,191462744.5,174719980.42,176720209.63,176427627.61,181080566.35,165686169.73,167348659.91,166578479.41,169620516.28,159435242.85,161520346.98,164990312.5,167718022.86,167549447.63,169908049.46,64014364.87,175725030.93,61591299.24,64316903.55,72593380.19,38703683.51,37294564.56,41949712.06,46717703.59,51214876.4,29658380.35,32957940.38,35806020.43,39058388.2,22605191.44,10380064.21,11454550.24,12452118.58,11196850.81,12009982.69,13364689.95,14700867.13,14005358.84,14116292.97,15576537.38,16724887.37,17278091.57,15705534.68,17815876.96,26087068.04,17248091.99,20936195.28,22985970.44,25249421.36,29522625.39,30364871.99,31102958.08,32667748.9,23753715.05,24981744.15,15231890.94,14974256.86,10772545.25,10510474.33,10747661.09,10797847.86,8599453.83,8636537.93,8403902.05,8510199.52,
51,RD,研发支出,研发支出,2,0,金额类,,236616614.3,231441532.09,217546214.24,219232717.65,180976270.46,168087025.73,165401595.81,164029769.41,100444174.45,98081191.01,90768249.91,88053467.73,,,,,,,,,,,,,,,,,,,,,,,,,,,,,,,,,,,,,,,,,,,,,,,,,,,,,,,,,,,,,,,,,,,,,,,,,,,,,
52,goodwill,商誉,商誉,2,0,金额类,,1139980554.49,1148171868.57,1150866176.04,1152786257.22,1131835694.0,1143247789.41,1139159874.63,1136419113.59,1113375955.49,1121551785.03,1066690110.61,1081106204.0,1080788922.16,1039228455.28,984165482.03,987246902.63,1002607552.09,1000315842.29,1007051610.95,1010349814.92,,,,,,,,,,,,,,,,,,,,,,,,,,,,,,,,,,,,,,,,,,,,,,,,,,,,,,,,,,,,,,,,,,,,,
53,ltAmorExp,长期待摊费用,长期待摊费用,2,0,金额类,,49616646.05,29014599.76,34465686.32,39916772.8,26299387.18,25178359.3,40748464.53,38711665.32,40870925.73,48476143.07,55533966.62,63085397.48,56907502.5,44801939.87,43408554.25,47615228.81,827691.93,1047290.23,1126606.79,1205923.35,1285239.91,1584154.77,2060054.13,1742787.89,1644595.54,1205301.28,1401259.24,1401259.24,,,,,,,,,,,,,,,,,,,,,65577.37,131154.75,262309.5,262309.5,,,2500.0,10000.0,17500.0,25000.0,32500.0,40000.0,47500.0,55000.0,62500.0,70000.0,77500.0,,,100000.0,,,,,,,,,,,,,,,,,,,,,
54,DTA,递延所得税资产,递延所得税资产,2,0,金额类,,605072819.04,594761587.58,649202459.39,654531498.58,542499345.92,552206203.95,490964980.87,540880668.73,389040307.57,374598421.62,420783494.25,273574114.88,262955850.72,273134827.18,268740509.36,241972703.05,367628900.44,476032461.15,383872486.94,385247857.13,424663219.77,420007899.24,377712652.59,369173036.54,363322830.63,350035234.11,326556030.58,343651385.13,169992116.54,170057150.02,167587081.96,168918053.85,67350669.57,63515346.42,56240934.41,55233989.57,25016803.62,25176529.1,24432806.88,24643167.21,18650189.34,18602796.99,17092264.34,55377221.75,59243921.38,59411015.67,66663436.2,66813159.18,46924195.3,47106947.52,47070585.86,47176990.19,55060276.54,47541483.94,39930417.04,36848642.88,42522349.47,25468931.88,91446072.56,91446006.6,119185870.18,119177200.32,95868308.52,95875155.54,102120388.38,114272699.2,101658902.55,107850356.97,16531900.15,15209813.81,14244726.33,14244726.33,3272004.97,3272004.97,4316602.2,4316602.2,,,,,,,,,,,,,
55,othNca,其他非流动资产,其他非流动资产,2,0,金额类,,1100885443.17,1038761820.79,1047844041.79,870783131.23,1804241392.25,1616455694.92,465418663.64,502708347.41,611445867.44,319258712.3,245690763.25,244581674.83,62524579.58,74224933.38,39821298.93,15586434.83,15586434.83,15586434.83,15586434.83,15586434.83,18353511160.37,19642305771.02,34272485.05,34272485.05,18686050.22,18686050.22,2877564381.15,1243674027.34,1256356916.88,1227004337.1,1206278542.37,1255352722.43,1222452796.79,1252032257.53,1275399143.18,1747017075.57,1745483632.19,490000000.0,,,83226444.0,83226444.0,83226444.0,83226444.0,156582727.67,156582727.67,143340698.8,143300698.8,,,,,,,,,,,,,,,,,,,,,,,,,,,,,,,,,,,,,,,,,
56,NCAE,非流动资产的特殊项目,非流动资产的特殊项目,2,0,金额类,,,,,,,,,,,,,,,,,,,,,,,,,,,,,,,,,,,,,,,,,,,,,,,,,,,,,,,,,,,,,,,,,,,,,,,,,,,,,,,,,,,,,,,,,,
57,NCAA,非流动资产的差错金额,非流动资产的差错金额,2,0,金额类,,,,,,,,,,,,,,,,,,,,,,,,,,,,,,,,,,,,,,,,,,,,,,,,,,,,,,,,,,,,,,,,,,,,,,,,,,,,,,,0.0,,,,,,,,,,,
58,tNca,非流动资产合计,非流动资产合计,2,0,金额类,,541656071657.46,543809387533.04,546959144073.95,549189470391.69,548404423989.77,549645229936.21,551391844674.78,555193641123.79,545770562272.95,548196776192.45,548120987424.59,551364177205.29,311102524745.85,312124886365.9,312026781330.24,310639826574.32,315391980995.56,316636351531.27,316892550675.08,316151484430.24,313502505100.45,315754490022.13,284212459210.37,285447734318.45,280960970183.91,284330616336.86,285522749323.16,286012043268.29,285102895897.68,287285741652.26,288626648110.92,289211040837.13,290551250517.32,287020673293.28,289196347707.74,289819862716.57,291398010852.61,291252527730.05,134291867855.95,296261043621.06,136434631202.17,138878306779.83,139610583372.06,141138799811.84,140376320539.77,141550816410.24,142765077010.21,144548953083.5,146179584382.39,147067019802.06,150293577351.79,150581933940.49,151447880934.0,148024663628.15,149734535490.82,150526506205.9,151074950895.26,146452070935.4,149729419291.41,150901484030.78,152516240490.68,152962010290.74,154218494620.37,156003293151.86,157080503344.03,53489200692.13,51541938240.62,52631586501.85,53559360142.08,55476624257.39,56452049634.1,59389516368.57,61500096435.38,55986748491.05,42902500923.15,43698077095.48,36043954866.5,36178301427.07,36458306152.75,36718250011.04,36949391895.96,37202735887.25,37482708464.06,27916116818.77,28014510009.33,26180698555.84,26401168195.11,26603112044.0,8041763229.04
59,AE,资产的特殊项目,资产的特殊项目,2,0,金额类,,,,,,,,,,,,,,,,,,,,,,,,,,,,,,,,,,,,,,,,,,,,,,,,,,,,,,,,,,,,,,,,,,,,,,,,,,,,,,,,,,,,,,,,,,
60,AA,资产的差错金额,资产的差错金额,2,0,金额类,,,,,,,,,,,,,,,,,,,,,,,,,,,,,,,,,,,,,,,,,,,,,,,,,,,,,,,,,,,,,,,,,,,,,,,,,,,,,,,0.0,,,,,,,,,,,
61,tAssets,资产总计,资产总计,2,0,金额类,,568769002805.71,567701122129.66,564070937689.35,566393239170.23,569350046659.26,574502100816.12,568667686891.1,572938869543.08,578872092340.74,577089474242.81,580000149231.43,578453569418.28,327021197372.4,335260890148.82,325667232636.13,328563281639.2,335322153790.87,332083972866.5,327280823000.86,330827096559.03,344971594903.56,332719000783.99,296647943837.66,296482881040.89,294572816740.64,298317440492.07,295899561315.14,295496988645.53,300470258456.23,299613858862.32,297382844936.74,299398220115.42,305887547731.59,301509494153.09,300481795563.91,298894931938.4,302306614147.98,304868653640.14,141226482198.89,304517432817.19,143832141867.75,144727699774.33,147493877550.38,146994120608.48,150213208442.04,149098517553.51,147692579381.8,149607197273.74,155450368347.79,156367177118.94,156072017938.0,155232845496.78,159042382787.07,157250307214.96,155665731233.43,158385026444.24,161098919265.48,154521389877.94,159396929986.64,157461147748.0,162547635237.94,159976346977.34,158141601751.41,161860785499.55,168471162759.86,60690782202.6,57695883886.13,58325248120.34,62358603367.56,61430408833.81,61116013006.36,64314083270.88,71319609992.91,61374956005.38,49218087970.35,47635885017.7,40960127101.93,40132812023.9,39772697995.69,39356806930.2,43938837752.79,43275761919.25,42515215045.69,33134245966.33,33106762984.76,31363862310.01,30268858617.55,29616558475.99,9911857317.22
62,LIAB,负债,负债,1,3,分组/标题,,,,,,,,,,,,,,,,,,,,,,,,,,,,,,,,,,,,,,,,,,,,,,,,,,,,,,,,,,,,,,,,,,,,,,,,,,,,,,,,,,,,,,,,,,
63,stBorr,短期借款,短期借款,2,0,金额类,,14332058476.43,17088126298.86,73413764815.34,69692431511.49,71012341275.62,59629775977.15,56462542601.69,53985432819.58,57365551906.68,71810607756.05,71840853921.67,26752360688.1,24235456900.0,12762813800.0,11527195000.0,12315812640.0,12131038700.0,16548499930.77,22811694280.81,24057628342.5,46706333677.7,42792767555.85,17700000000.0,21308000000.0,23488520000.0,26381736608.0,21355090288.0,12700000000.0,17600000000.0,26100000000.0,26000000000.0,19005000000.0,23800000000.0,24820000000.0,23920000000.0,16300000000.0,19435414631.23,15500000000.0,4000000000.0,2000000000.0,,2000000000.0,,,,20000000000.0,23000000000.0,27000000000.0,28000000000.0,30000000000.0,38000000000.0,35000000000.0,51411891438.01,28599810342.09,29415024590.15,18700000000.0,29130274056.46,25529330137.0,27091340411.25,25991779347.13,29686186766.23,14522890432.71,1012089041.13,1006541095.91,1000869863.02,2610003424.64,4577405479.44,5590783287.67,6059112499.93,5542950000.0,7221647916.72,8053813208.42,11014764270.88,11969832000.05,7035416666.68,5766466666.67,1580000000.0,1080000000.0,880000000.0,80000000.0,80000000.0,80000000.0,80000000.0,160000000.0,160000000.0,160000000.0,,50000000.0,165000000.0
64,cbBorr,向中央银行借款,向中央银行借款,2,0,金额类,,,,,,,,,,,,,,,,,,,,,,,,,,,,,,,,,,,,,,,,,,,,,,,,,,,,,,,,,,,,,,,,,,,,,,,,,,,,,,,,,,,,,,,,,,
65,depos,吸收存款,吸收存款,2,0,金额类,,,,,,,,,,,,,,,,,,,,,,,,,,,,,,,,,,,,,,,,,,,,,,,,,,,,,,,,,,,,,,,,,,,,,,,,,,,,,,,,,,,,,,,,,,
66,loanFrBankFi,拆入资金,拆入资金,2,0,金额类,,,,,,,,,,,,,,,,,,,,,,,,,,,,,,,,,,,,,,,,,,,,,,,,,,,,,,,,,,,,,,,,,,,,,,,,,,,,,,,,,,,,,,,,,,
67,tradingFl,交易性金融负债,交易性金融负债,2,0,金额类,,,,,,,,,,,,,,,,,,648894763.72,676385432.02,794237079.54,640897029.23,654515544.84,670933190.42,769761795.92,768403141.1,340994433.93,335518256.25,478598777.73,492164591.91,589580380.12,565730851.42,505130794.84,513947206.47,293741413.39,296115898.94,352818603.22,351719401.47,,,,,,,,,,,,,,,,,,,,,,,,,,,,,,,,,,,,,,0.0,,,,0.0,,,,,,,,,,,
68,derivLia,衍生金融负债,衍生金融负债,2,0,金额类,,,,,,,,,,,,,,,,,,,,,,,,,,,,,,,,,,,,,,,,,,,,,,,,,,,,,,,,,,,,,,,,,,,,,,,,,,,,,,,,,,,,,,,,,,
69,npAp,应付票据及应付账款,应付票据及应付账款,2,0,金额类,,1481896625.76,1357142744.77,1448210625.72,1619502414.93,1523271559.62,1354505715.84,1228376824.36,1515966663.84,1248580484.19,1270815621.8,1014264390.22,1005437289.1,728044407.99,697529162.49,858935941.12,693932175.39,584482349.44,640173257.8,753013209.28,894329445.84,875665141.47,893621499.21,101053458.02,105521155.38,148126524.24,102493836.52,175451739.42,146054236.74,177984210.62,133546516.16,200491256.01,188459616.0,194733110.97,142087536.34,193314590.74,248752226.68,155509640.12,98791660.98,214352200.95,288332491.95,211068992.55,172345951.41,188683234.82,258439877.39,213431311.76,185124062.6,218050231.12,278769512.99,141145809.04,191343144.77,174909880.64,197985347.82,122987865.81,121238350.08,71148523.77,103155583.54,70608253.44,103735993.35,75991076.78,107529072.47,124097925.55,88598202.86,1032518490.35,1072240305.74,5563580357.64,4291050222.96,1549650137.97,1145342517.96,4466855931.85,2388595820.83,970937031.97,484612161.2,2878523933.67,2447759973.4,1724515610.27,916513855.85,1985912799.79,1845797758.31,973944247.78,637508634.69,2556119644.02,2236265960.29,6210409099.6,1198732940.97,1745020512.93,1337023567.77,657987615.71,302176067.34,5861728.77
70,notes/P,应付票据及应付账款:应付票据,  应付票据及应付账款:应付票据,2,0,金额类,,,,,,,,,40772218.98,,623903.37,1482159.19,55482159.19,,,8235087.48,11199405.85,5690805.55,2726487.18,20206076.9,26658209.68,5837591.85,19298745.71,25688562.91,18701549.83,15299018.64,12275077.72,,63458633.1,,68160939.48,92799070.54,101039781.02,42625557.91,53323798.07,66758761.65,102359148.79,38934573.61,12056589.66,93586995.92,127316802.5,87631386.9,75196352.45,82962425.37,104206262.05,112496958.7,130813721.49,62326027.93,56380493.63,86374074.57,87927686.6,91383402.57,70844488.37,27667308.29,20576412.22,18844260.08,22694021.3,13278193.19,25057153.68,14903244.27,19469148.31,11653625.26,10261412.57,1007283921.99,1014907994.24,1210049331.91,1211093550.79,15948474.45,182026095.8,14836280.98,18957847.84,24315112.26,15360505.97,413799389.6,813570916.28,811837069.91,414610268.15,6381405.79,,,,,,,,,,,,
71,AP,应付票据及应付账款:应付账款,  应付票据及应付账款:应付账款,2,0,金额类,,1481896625.76,1357142744.77,1448210625.72,1619502414.93,1523271559.62,1354505715.84,1228376824.36,1475194444.86,1248580484.19,1270191718.43,1012782231.03,949955129.91,728044407.99,697529162.49,850700853.64,682732769.54,578791543.89,637446770.62,732807132.38,867671236.16,869827549.62,874322753.5,75364895.11,86819605.55,132827505.6,90218758.8,,82595603.64,,65385576.68,107692185.47,87419834.98,152107553.06,88763738.27,126555829.09,146393077.89,116575066.51,86735071.32,120765205.03,161015689.45,123437605.65,97149598.96,105720809.45,154233615.34,100934353.06,54310341.11,155724203.19,222389019.36,54771734.47,103415458.17,83526478.07,127140859.45,95320557.52,100661937.86,52304263.69,80461562.24,57330060.25,78678839.67,61087832.51,88059924.16,112444300.29,78336790.29,25234568.36,57332311.5,4353531025.73,3079956672.17,1533701663.52,963316422.16,4452019650.87,2369637972.99,946621919.71,469251655.23,2464724544.07,1634189057.12,912678540.36,501903587.7,1979531394.0,1845797758.31,973944247.78,637508634.69,2556119644.02,2236265960.29,6210409099.6,1198732940.97,1745020512.93,1337023567.77,657987615.71,302176067.34,5861728.77
72,advReceipts,预收款项,预收款项,2,0,金额类,,,,,,,,,,,,,,,,,,32344286.53,19342288.77,25480508.4,33980139.67,,,,9164940.98,392634.46,2144876.84,9709232.26,9789564.53,1829190.05,2543190.62,10386950.41,10378175.16,60284022.9,46575645.9,78502751.14,96941751.67,69778671.79,98806781.59,91457275.95,89440653.01,76911662.06,58367950.94,67003644.93,98063452.09,103580555.56,102430260.24,76945631.73,72155058.13,60702383.81,54287959.9,30474973.73,46039147.72,26851443.56,28893251.6,27773573.21,42803674.96,92536437.25,282059457.09,23502856.85,24950050.91,12649621.56,19239695.02,31600312.9,52622128.01,15004144.0,,,41446780.95,,,,,,,,,,262842787.14,,,191000.0,191000.0,191000.0,191000.0,,,,,
73,soldFRepurFa,卖出回购金融资产款,卖出回购金融资产款,2,0,金额类,,,,,,,,,,,,,,,,,,,,,,,,,,,,,,,,,,,,,,,,,,,,,,,,,,,,,,,,,,,,,,,,,,,,,,,,,,,,,,,,,,,,,,,,,,
74,commis/P,应付手续费及佣金,应付手续费及佣金,2,0,金额类,,,,,,,,,,,,,,,,,,,,,,,,,,,,,,,,,,,,,,,,,,,,,,,,,,,,,,,,,,,,,,,,,,,,,,,,,,,,,,,,,,,,,,,,,,
75,contLia,合同负债,合同负债,2,0,金额类,,358662958.51,352897844.15,246516842.94,265512523.56,150630163.47,148156506.77,46981987.47,14932731.05,36585559.23,33677875.03,30120887.31,8760834.09,24782914.73,21738943.42,14105312.6,13389470.26,1718353.5,850425.66,189930.97,48910.52,53803513.96,75697929.62,5462043.05,,,,,,,,,,,,,,,,,,,,,,,,,,,,,,,,,,,,,,,,,,,,,,,,,,,,,,,,,,,,,,,,,,
76,payroll/P,应付职工薪酬,应付职工薪酬,2,0,金额类,,363203033.89,409633405.7,409281812.01,406772248.07,315428321.84,354210319.5,394087769.8,368059210.44,319322414.2,321482177.91,328955799.19,332030853.09,272644084.29,258124892.69,285514237.56,254195056.07,219592331.32,224927225.88,241620488.78,219231174.29,238188552.42,243767523.81,120546900.51,120539909.11,109059762.66,108966535.14,105112688.4,104036148.53,95591124.72,94513007.39,91480980.1,90162772.29,98596669.77,95366999.52,90315352.56,90168894.28,79793719.59,76899032.25,72412248.37,75123117.9,63898941.58,64326907.23,59859641.91,62971702.17,55940119.22,57230735.47,55063973.17,57011800.28,53375988.13,53145220.64,52712952.4,53105093.27,46884697.82,48152678.39,47745782.23,49727359.34,47371628.38,46734367.66,44298553.27,46272475.73,43402436.68,44898507.52,42712861.56,44049246.32,39523736.54,40384922.97,38903492.33,65963552.8,43956273.32,43451075.03,37551977.18,39586877.22,2642261.82,2981295.34,2323480.14,37472845.22,,,,20440698.65,,590064.01,,18397137.39,16000000.0,16560000.0,,26327064.56,4138360.25
77,tax/P,应交税费,应交税费,2,0,金额类,,5094007684.77,3430061559.74,2684645481.79,2857598786.51,4284316086.82,2953568039.75,2181160301.85,2513791384.5,3956095988.15,2225178278.21,2235170858.14,2027998432.91,2650966166.71,2963228619.38,2460582169.8,4716410703.94,4270831779.05,2159486864.27,2039609024.88,4235444499.44,3870801451.49,2103250632.67,1771462109.11,2106242913.91,2824384646.45,2105371908.31,1474075730.39,2244216343.78,2812101153.27,1833825573.52,1236026601.12,2212591349.13,2475881512.95,1481363817.86,742239787.27,1309230305.77,1059128642.39,1135673599.35,528566971.47,347911366.63,1542440438.39,1162216964.26,580821914.73,1503119243.71,2063340778.33,850759308.78,506954162.44,859691546.83,1860804706.09,967019582.65,593553599.5,1407563899.19,2127463086.8,1109950495.35,427263484.55,635328982.42,1279792507.26,816707489.37,801264415.07,1153872670.27,2155017974.04,1071205760.19,663967821.15,785302529.55,771546702.22,327187490.74,495541374.0,771091624.93,1058744250.79,311488773.4,142735176.17,902629961.59,937441429.36,876051494.08,555733427.46,882001377.56,1286694579.41,895876933.0,715501653.31,1194541695.2,1404427539.97,1003702974.23,624062635.36,1108824789.49,1128325601.37,767962426.6,360927774.33,461496610.65,113806412.9
78,oth/PT,其他应付款(合计),其他应付款(合计),2,0,金额类,,24566508992.65,44646750826.89,27320141183.28,35558748767.49,34078315309.68,55136128916.53,35306507934.49,36104426467.36,26642142215.97,47245184410.27,31542974063.58,31751543386.67,12745391162.01,31152690768.89,13090539889.98,13470287522.53,16124592119.86,32267249728.58,15964598042.66,16960189786.68,19243894500.38,33650956784.72,18580529947.4,21042264353.26,18670925316.57,34886123405.58,19103244194.57,19336945056.05,20730073501.4,20139455763.76,20702705859.38,20676101641.76,21415249905.69,37424512433.6,21796484375.6,22046242270.71,22220262162.03,31048742774.23,1299523532.19,23968103681.56,1094863525.24,1584887891.74,1504299828.9,1267391036.11,1260232476.68,6219911652.05,1491592795.02,1197677887.29,1460470707.12,7168553449.86,1222913290.17,1063246548.52,872885780.66,5618040123.97,1134590393.15,1147376866.67,6580422988.54,1672155745.61,1641804261.03,1194513044.5,1437129428.19,11518858852.29,13271919863.34,12740541477.9,16035813356.07,2807100470.97,1235191530.8,1115402641.0,647291323.19,3438796097.06,731505558.98,573523043.61,705590104.13,433401407.48,530185026.9,362592926.35,120786630.95,74387288.37,50607199.33,62161835.01,153425747.23,126152003.41,78505514.88,85030457.3,148154695.65,145868033.13,53480120.26,78087212.8,85560120.58
79,int/P,其他应付款(合计):应付利息,  其他应付款(合计):应付利息,2,0,金额类,,,,,,,,,,,,,,939952197.18,1097976183.64,986104682.2,1022278878.81,897315750.47,1380514199.75,1156196507.82,1091987201.14,936983189.38,1582185335.48,1016146773.35,897073966.87,747863416.5,1436047075.78,1004805465.89,685700683.53,491458174.76,,882625400.14,665289460.6,468054421.36,1098934496.61,814343184.04,663050090.57,489771638.04,1172828338.85,704546202.9,579866198.71,352140162.79,950879734.67,805235007.47,510917790.32,417103414.18,1028964886.3,833570151.3,581363186.28,544279815.09,944332063.75,876199057.23,723761544.15,316380336.14,842432898.98,639197244.12,735739110.47,391511748.93,893169975.62,654478902.56,400210549.83,391533708.93,1006477359.98,748451701.75,474688163.55,502747205.27,174514383.56,238486308.92,70699185.62,117911842.93,233209940.52,225231578.09,128674807.58,213649787.38,29664722.22,159929218.34,44972945.0,,,,,,,,,,,,,
80,div/P,其他应付款(合计):应付股利,  其他应付款(合计):应付股利,2,0,金额类,,55468916.95,19259070277.09,1332495902.04,6459050825.67,1313476039.63,21377054393.58,1321649614.36,1313100292.99,39812906.25,20129375584.58,,33217087.18,35006058.76,18575038664.43,29904564.69,27118308.84,38417401.18,15959958993.54,36748174.13,36473316.08,38521819.78,15000925425.84,,,,14960000000.0,,,,,,,,15687500000.0,,,,7853110000.0,,,,,,,,4626930000.0,,,,5470905000.0,,,,4201230000.02,,,,,,,1392700.0,3543284681.09,1392700.0,1392700.0,13921469.45,2031598645.89,,1392700.0,,2793695205.35,,,,,,,,,,,,,,,,,,,
81,oth/P,其他应付款(合计):其他应付款,  其他应付款(合计):其他应付款,2,0,金额类,,,25387680549.8,,,,33759074522.95,,34791326174.37,,27115808825.69,,31718326299.49,11770432906.07,11479675920.82,12074530643.09,12420890334.88,15188858968.21,14926776535.29,14771653360.71,15831729269.46,18268389491.22,17067846023.4,,20145190386.39,,18490076329.8,,18651244372.52,,,19820080459.24,20010812181.16,20947195484.33,20638077936.99,20982141191.56,21383192180.14,21730490523.99,22022804435.38,594977329.29,23388237482.85,742723362.45,634008157.07,699064821.43,756473245.79,843129062.5,564016765.75,658022643.72,616314701.01,916190892.03,753316386.11,346714232.94,339485004.37,556505444.52,574377224.97,495393149.03,411637756.2,6188911239.61,778985769.99,987325358.47,794302494.67,1044203019.26,6969096811.22,12522075461.59,12264460614.35,15519144681.35,600987441.52,996705221.88,1043310755.38,529379480.26,411890951.19,506273980.89,444848236.03,491940316.75,403736685.26,370255808.56,317619981.35,120786630.95,74387288.37,50607199.33,62161835.01,153425747.23,126152003.41,78505514.88,85030457.3,148154695.65,145868033.13,53480120.26,78087212.8,85560120.58
82,reinsur/P,应付分保账款,应付分保账款,2,0,金额类,,,,,,,,,,,,,,,,,,,,,,,,,,,,,,,,,,,,,,,,,,,,,,,,,,,,,,,,,,,,,,,,,,,,,,,,,,,,,,,,,,,,,,,,,,
83,fundSecTradAgen,代理买卖证券款,代理买卖证券款,2,0,金额类,,,,,,,,,,,,,,,,,,,,,,,,,,,,,,,,,,,,,,,,,,,,,,,,,,,,,,,,,,,,,,,,,,,,,,,,,,,,,,,,,,,,,,,,,,
84,fundSecUndwAgen,代理承销证券款,代理承销证券款,2,0,金额类,,,,,,,,,,,,,,,,,,,,,,,,,,,,,,,,,,,,,,,,,,,,,,,,,,,,,,,,,,,,,,,,,,,,,,,,,,,,,,,,,,,,,,,,,,
85,liaHFSale,持有待售负债,持有待售负债,2,0,金额类,,,,,,,,,,,,,,,,,,,,,,,,,,,,,,,,,,,,,,,,,,,,,,,,,,,,,,,,,,,,,,,,,,,,,,,,,,,,,,,,,,,,,,,,,,
86,nclWithin1Y,一年内到期的非流动负债,一年内到期的非流动负债,2,0,金额类,,68550687098.76,80718279746.68,94611971753.47,46859683404.03,53217608311.5,55769116800.09,61453641211.67,48070386122.18,58183276813.03,31150485082.57,32258864464.23,26642382136.83,6880104336.53,18617059991.46,18702945166.21,17440128682.74,20938874097.34,25101378118.53,25014325392.28,23924325034.79,19901909809.14,6198304106.45,5497469787.64,2499762842.57,2499594959.36,4499697123.29,10498692123.29,15297687123.29,16035634208.24,13277904169.9,8966190053.56,13507522151.39,15008560102.51,22076401798.88,17579314542.96,17669257618.09,20861203420.84,24677380207.18,3279096114.26,32701671885.76,11321719617.87,5809192312.22,5832127808.09,11700873312.12,12832533356.36,12832700982.97,12842091289.09,339021859.29,401704444.37,403710353.02,461014690.17,462235453.57,466316921.69,24465132928.23,24564630067.3,24566987679.25,26676131875.74,30688013001.53,30695896392.28,30703033615.8,29712997313.23,9922554764.33,4724989687.2,11524989687.2,6800000000.0,6800000000.0,6800000000.0,,,,,,,,,,,2503600000.0,2503960000.0,5358474400.0,,,,,,,200352000.0,200352000.0,
87,accruedExp,预提费用,预提费用,2,0,金额类,,,,,,,,,,,,,,,,,,,,,,,,,,,,,,,,,,,,,,,,,,,,,,,,,,,,,,,,,,,,,,,,,,,,,,,,,,,,,,259340127.47,,254760684.98,254752829.5,262114640.55,267518009.0,282548212.15,282679382.15,297340351.67,298050351.67,327052336.67,301539313.67,308829322.92
88,othCl,其他流动负债,其他流动负债,2,0,金额类,,11277368434.33,236871936.27,1434619541.09,2410005393.88,5853493404.51,1295738320.77,1267871371.14,1720110926.31,7855684254.75,6941504522.6,13749239308.68,3230604702.92,3000236035.65,171540.15,185930.03,4502059923.29,10501478177.0,6999394543.46,11999914481.65,7500533260.58,14004876186.27,6495735583.47,8000609392.57,7998650574.74,13495662256.18,9996147416.35,10495114690.17,6496298972.17,7000352201.25,9996828066.04,3499369654.07,3498822877.35,8998314544.02,,,3998288888.89,4002640000.0,10998873806.9,6993665755.9,2993737704.91,5987995433.78,5992753424.65,8995232876.7,5989315068.48,10989576864.53,11987292541.85,10988483013.67,8984427397.24,13973871689.47,12969293150.67,9485769863.0,11484470304.68,,,,13978513661.2,,,,,,,,,,,,,,,,,,0.0,,,3944525000.0,2953650000.0,2930475000.0,,,,,,,,,,
89,CLE,流动负债的特殊项目,流动负债的特殊项目,2,0,金额类,,,,,,,,,,,,,,,,,,,,,,,,,,,,,,,,,,,,,,,,,,,,,,,,,,,,,,,,,,,,,,,,,,,,,,,,,,,,,,6584605.0,6578488.73,3550649.78,4669578.35,15715845.72,15863499.34,11873899.51,12263624.2,14991491.38,11341412.45,8482800.59,9050771.9,4256155.36
90,CLA,流动负债的差错金额,流动负债的差错金额,2,0,金额类,,,,,,,,,,,,,,,,,,,,,,,,,,,,,,,,,,,,,,,,,,,,,,,,,,,,,,,,,,,,,,,,,,,,,,,,,,,,,,,0.0,,,,,,,,,,,
91,tCl,流动负债合计,流动负债合计,2,0,金额类,,126024393305.1,148239764363.06,201569152055.64,159670255049.96,170435404433.06,176641200596.4,158341170002.47,144293106325.26,155607239636.2,160998935724.44,153000443693.02,91751118323.71,50537626007.91,66473357718.48,46940003647.3,53406216174.22,65453846957.76,84637687815.74,79644682439.25,78466607623.54,105549988377.67,93125034806.22,52546895434.22,55958549831.05,61577660533.85,78418199966.28,63695089464.23,56827192037.0,65043145969.67,72144347138.81,61211782149.49,59702985789.55,72345361282.2,86382424131.04,64752990003.49,62110601357.56,67883730887.99,83635167862.48,16479074099.09,62464320901.72,20298898611.47,16844091402.45,17228028950.08,20880173692.07,27518635462.44,52235449543.96,49179181096.24,38788755062.05,45952075728.03,51807352861.51,50021349249.61,49714645794.77,55075281234.35,59991218169.71,55688176414.36,59223893807.38,63877137747.07,59138736191.61,60374097966.53,59221950276.81,63171481465.48,37188246214.92,20779798077.63,27226286470.63,30226338159.49,16875726532.28,14696692014.54,8730030405.31,12275960279.08,11725281766.32,9104377661.02,10054165252.04,15538961999.86,15730026170.35,9848174211.45,7965047671.65,9183843742.62,9622733255.55,8312799435.18,7612549671.4,4471994417.49,3730283510.28,7287590361.5,2866119331.5,3509832653.0,2736805791.62,1608282647.56,1429029040.92,687452100.78
92,insurReser,保险合同准备金,保险合同准备金,2,0,金额类,,,,,,,,,,,,,,,,,,,,,,,,,,,,,,,,,,,,,,,,,,,,,,,,,,,,,,,,,,,,,,,,,,,,,,,,,,,,,,,,,,,,,,,,,,
93,ltBorr,长期借款,长期借款,2,0,金额类,,175241294779.06,166432236132.17,106893776679.25,158751034501.94,157191061755.79,169702723341.18,167993891186.64,187007685859.59,184156573877.85,184920702024.4,193406613751.0,190246706722.4,38552494721.6,33643117094.92,33396244577.14,36439373166.26,33586744600.0,16645062779.3,11534702453.12,14447141791.44,14540000994.42,22799130922.93,24600000000.0,24600000000.0,24600000000.0,17600000000.0,17600000000.0,26000000000.0,26000000000.0,27000000000.0,25300000000.0,31500000000.0,29500000000.0,17200000000.0,20351253355.38,26852435923.0,28346462797.11,26872696501.4,9670182362.41,30243281287.59,12790283134.01,22874829286.45,22924859853.25,20519189122.85,20591645310.83,688407499.69,758207774.11,13346992263.28,13423923190.83,13525406803.88,11121188666.84,11222701990.76,12367242165.8,11462932834.8,11583600482.16,11689065682.06,11837578501.7,11972785402.47,12244869323.8,12371274674.42,12650886189.86,41592878260.17,54063978036.67,51071582620.94,53055108692.52,,,6800000000.0,6800000000.0,6800000000.0,6800000000.0,6800000000.0,8500000000.0,8500000000.0,8500000000.0,8500000000.0,8626798750.0,8512431250.0,8828509875.0,9517299125.0,18003740250.0,17875917750.0,12980045150.0,8363135950.0,8361460375.0,8361460375.0,8362606412.5,8360767262.5,701232000.0
94,bond/P,应付债券,应付债券,2,0,金额类,,30068644588.87,30117405499.11,23755159721.91,21740804827.43,16268481139.99,19608454942.63,22342707250.15,25835606999.89,27838529109.1,31857616052.21,35439787340.99,37620231630.91,39552500240.62,38546325585.78,36965252325.62,33978897510.99,34077675223.92,39200851573.3,34309044011.46,37527057075.03,41232433921.09,50937241026.84,45296429390.87,43794792492.21,40557250936.33,40260819024.7,40175199262.97,34265894787.06,32295094559.53,30156266962.25,30098529351.56,30151107574.75,30173596721.57,27700050650.52,31663099541.46,27655276169.59,25404340436.19,21412682680.7,21408154508.42,18419337337.79,21434749974.23,18430987456.47,18427241029.94,18423462421.01,18419699903.25,18416021385.51,18412274958.98,18408544623.68,18404782105.96,18401019588.23,18397273161.68,18393542826.37,18389780308.64,18386017790.88,18382271364.35,18378524937.82,18374762420.02,18370999902.26,18367781055.15,18363523140.42,20357601746.13,20353096418.13,20349579775.83,20344558635.47,23335989580.67,3958280583.34,3957003458.33,3955726333.34,3954449208.31,3953172083.32,3951894958.33,3950617833.34,3949341833.33,,,,,,,,,,,,,,,,
95,preferStockL,应付债券:优先股,  应付债券:优先股,2,0,金额类,,,,,,,,,,,,,,,,,,,,,,,,,,,,,,,,,,,,,,,,,,,,,,,,,,,,,,,,,,,,,,,,,,,,,,,,,,,,,,,,,,,,,,,,,,
96,perpeBondL,应付债券:永续债,  应付债券:永续债,2,0,金额类,,,,,,,,,,,,,,,,,,,,,,,,,,,,,,,,,,,,,,,,,,,,,,,,,,,,,,,,,,,,,,,,,,,,,,,,,,,,,,,,,,,,,,,,,,
97,leaseLiab,租赁负债,租赁负债,2,0,金额类,,516969926.79,501295757.51,516079102.01,582895188.73,553509953.12,515934387.92,580238848.73,592017629.31,632072456.39,629069528.81,622479422.19,620996116.15,655975784.65,651679097.72,648975309.15,639176461.52,745378741.7,737773647.35,708200373.62,,,,,,,,,,,,,,,,,,,,,,,,,,,,,,,,,,,,,,,,,,,,,,,,,,,,,,,,,,,,,,,,,,,,,,
98,lt/PT,长期应付款(合计),长期应付款(合计),2,0,金额类,,,,,,,,,,,,,,2532945436.94,9132945436.94,11832945436.94,11855875004.42,21075659343.97,21060475763.4,21153831402.26,20080756020.71,14451879124.23,20152714346.01,21232945436.94,21232945436.94,21232945436.94,24232945436.94,27632945436.94,34632945436.94,38132945436.94,40732945436.94,41232945436.94,41232945436.94,41971897521.89,47910849606.84,50949801691.79,52688753776.74,55427705861.69,57666657946.64,,59144562116.54,,,,,,,,,,,,,,,,,,,,,,,,,,,,,,,,,,,,,,,,,,,,,,,,,
99,lt/P,长期应付款(合计):长期应付款,  长期应付款(合计):长期应付款,2,0,金额类,,,,,,,,,,,,,,,9132945436.94,,11855875004.42,,21060475763.4,,20080756020.71,,20152714346.01,,21232945436.94,,24232945436.94,,34632945436.94,,,41232945436.94,41232945436.94,41971897521.89,47910849606.84,50949801691.79,52688753776.74,55427705861.69,57666657946.64,,59144562116.54,,,,,,,,,,,,,,,,,,,,,,,,,,,,,,,,,,,,,,,,,,,,,,,,,
100,specific/P,长期应付款(合计):专项应付款,  长期应付款(合计):专项应付款,2,0,金额类,,,,,,,,,,,,,,,,,,,,,,,,,,,,,,,,,,,,,,,,,,,,,,,,,,,,,,,,,,,,,,,,,,,,,,,,,,,,,,,,,,,,,,,,,,
101,ltPayroll/P,长期应付职工薪酬,长期应付职工薪酬,2,0,金额类,,,,,,,,,,,,,,,,,,,,,,,,,,,,,,,,,,,,,,,,,,,,,,,,,,,,,,,,,,,,,,,,,,,,,,,,,,,,,,,,,,,,,,,,,,
102,estimatLia,预计负债,预计负债,2,0,金额类,,79742447.54,93514963.05,98392128.66,136004704.75,125451344.7,127916527.6,57080744.75,56720903.03,50975764.28,52237071.76,50595740.61,50640048.92,45906906.46,19263480.74,18958851.82,18434099.44,18830318.2,20545973.36,15800529.93,16245669.92,26411924.57,28931403.28,,,,,,,,,,,,,,,,,,,,,,,,,,,,,,,,,,,,,,,,,,,,,,,,,,,,,,,,,,,,,,,,,,,
103,deferRev,递延收益,递延收益,2,0,金额类,,28281153.76,22274161.61,20707247.76,20182962.73,15892623.8,12724661.39,12421447.9,11623647.69,15797168.94,14322924.08,12974355.53,8178437.54,7969420.66,5437901.38,5724313.18,5903248.03,6334924.37,6539265.99,6989698.82,7276220.13,5702847.24,5840895.74,5747049.12,5833758.06,5920467.0,6007175.94,6093884.88,6229112.34,,,,,,,,,,,,,,,,,,,,,,,,,,,,,,,,,,,,,,,,,,,,,,,,,,,,,,,,,,,,,
104,DTL,递延所得税负债,递延所得税负债,2,0,金额类,,3817888748.14,3823632483.63,3610515928.03,3491968220.93,2942558357.35,2914502875.34,2628422867.75,2601502361.81,2368806069.39,2524459354.31,2309396827.68,2138289001.46,2027474122.94,2080814264.8,2080331834.7,1931183085.62,1923537505.58,2111661002.77,2308887015.91,1960405682.52,2028444333.58,2181572271.42,772342074.94,874792997.65,927945958.09,1065026164.53,1013651658.27,1080174205.16,1067233016.1,1056451956.4,1295284041.16,1292343515.04,1126252961.35,1124680597.41,1160098643.18,1061502472.65,962922677.29,810853238.39,746886800.48,829726833.75,773502421.89,1117842784.97,1005464328.53,1034801359.7,853712331.01,889285957.21,805715516.5,881669173.5,921551153.8,835155950.36,1032255225.18,1014690043.29,815562931.7,804837214.36,977157862.76,847121216.53,727666393.82,1123552529.51,1403373169.58,1338896913.65,1273131469.93,1187338028.33,1254238223.37,1349319394.79,1200580378.53,1183204301.56,775803358.95,847470376.56,1134464937.95,1531801417.14,1642316940.95,2256069635.19,2487157911.72,1531425740.94,2024450323.06,2248998897.54,,,,,,,,,,,,,
105,othNcl,其他非流动负债,其他非流动负债,2,0,金额类,,,,,,,,,,,,,,,,,,,,,,,,,,,,,,,,,,,,,,,,,,,,,,,,,,,,,,,,,,,,,,,,,,,,,,,,,,,,,,,0.0,,,,,,,,,,,
106,NCLE,非流动负债的特殊项目,非流动负债的特殊项目,2,0,金额类,,,,,,,,,,,,,,,,,,,,,,,,,,,,,,,,,,,,,,,,,,,,,,,,,,,,,,,,,,,,,,,,,,,,,,,,,,,,,,,,,,,,,,,,,,4554.0
107,NCLA,非流动负债的差错金额,非流动负债的差错金额,2,0,金额类,,,,,,,,,,,,,,,,,,,,,,,,,,,,,,,,,,,,,,,,,,,,,,,,,,,,,,,,,,,,,,,,,,,,,,,,,,,,,,,0.0,,,,,,,,,,,
108,tNcl,非流动负债合计,非流动负债合计,2,0,金额类,,209752821644.16,200990358997.08,134894630807.62,184722890406.51,177096955174.75,192882256736.06,193614762345.92,216105157401.32,215062754445.95,219998406955.57,231841847438.0,230685041957.38,83375266633.87,84079582862.28,84948432648.55,84868842576.28,91434160657.74,79782910005.47,70037455485.12,74038882459.75,72284873145.13,96105430866.22,91907463951.87,90508364684.86,87324062798.36,83164797802.11,86427890243.06,95985243541.5,97495273012.57,98945664355.59,97926758829.66,104176396526.73,102771747204.81,93935580854.77,104124253231.81,108257968341.98,110141431772.28,106762890367.13,31825223671.31,108636907575.67,34998535530.13,42423659527.89,42357565211.72,39977452903.56,39865057545.09,19993714842.41,19976198249.59,32637206060.46,32750256450.59,32761582342.47,30550717053.7,30630934860.42,31572585406.14,30653787840.04,30943029709.27,30914711836.41,30940007315.54,31467337834.24,32016023548.53,32073694728.49,34281619405.92,63133312706.63,75667796035.87,72765460651.2,77591678651.72,5141484884.9,4732806817.28,11603196709.9,11888914146.26,12284973500.46,12394211899.28,13006687468.53,14936499745.05,10031425740.94,10524450323.06,10748998897.54,8626798750.0,8512431250.0,8828509875.0,9517299125.0,18003740250.0,17875917750.0,12980045150.0,8363135950.0,8361460375.0,8361460375.0,8362606412.5,8360767262.5,701236554.0
109,LE,负债的特殊项目,负债的特殊项目,2,0,金额类,,,,,,,,,,,,,,,,,,,,,,,,,,,,,,,,,,,,,,,,,,,,,,,,,,,,,,,,,,,,,,,,,,,,,,,,,,,,,,,,,,,,,,,,,,
110,LA,负债的差错金额,负债的差错金额,2,0,金额类,,,,,,,,,,,,,,,,,,,,,,,,,,,,,,,,,,,,,,,,,,,,,,,,,,,,,,,,,,,,,,,,,,,,,,,,,,,,,,,0.0,,,,,,,,,,,
111,tLia,负债合计,负债合计,2,0,金额类,,335777214949.26,349230123360.14,336463782863.26,344393145456.47,347532359607.81,369523457332.46,351955932348.39,360398263726.58,370669994082.15,380997342680.01,384842291131.02,322436160281.09,133912892641.78,150552940580.76,131888436295.85,138275058750.5,156888007615.5,164420597821.21,149682137924.37,152505490083.29,177834861522.8,189230465672.44,144454359386.09,146466914515.91,148901723332.21,161582997768.39,150122979707.29,152812435578.5,162538418982.24,171090011494.4,159138540979.15,163879382316.28,175117108487.01,180318004985.81,168877243235.3,170368569699.54,178025162660.27,190398058229.61,48304297770.4,171101228477.39,55297434141.6,59267750930.34,59585594161.8,60857626595.63,67383693007.53,72229164386.37,69155379345.83,71425961122.51,78702332178.62,84568935203.98,80572066303.31,80345580655.19,86647866640.49,90645006009.75,86631206123.63,90138605643.79,94817145062.61,90606074025.85,92390121515.06,91295645005.3,97453100871.4,100321558921.55,96447594113.5,99991747121.83,107818016811.21,22017211417.18,19429498831.82,20333227115.21,24164874425.34,24010255266.78,21498589560.3,23060852720.57,30475461744.91,25761451911.29,20372624534.51,18714046569.19,17810642492.62,18135164505.55,17141309310.18,17129848796.4,22475734667.49,21606201260.28,20267635511.5,11229255281.5,11871293028.0,11098266166.62,9970889060.06,9789796303.42,1388688654.78
112,SH_EQUITY,所有者权益(或股东权益),所有者权益(或股东权益),1,3,分组/标题,,,,,,,,,,,,,,,,,,,,,,,,,,,,,,,,,,,,,,,,,,,,,,,,,,,,,,,,,,,,,,,,,,,,,,,,,,,,,,,,,,,,,,,,,,
113,paidInCapital,实收资本(或股本),实收资本(或股本),2,0,金额类,,24468217716.0,24468217716.0,24468217716.0,24468217716.0,24468217716.0,24468217716.0,24468217716.0,24468217716.0,24468217716.0,24468217716.0,23663781655.0,22741859230.0,22741859230.0,22741859230.0,22741859230.0,22741859230.0,22741859230.0,22741859230.0,22741859230.0,22741859230.0,22691000000.0,22000000000.0,22000000000.0,22000000000.0,22000000000.0,22000000000.0,22000000000.0,22000000000.0,22000000000.0,22000000000.0,22000000000.0,22000000000.0,22000000000.0,22000000000.0,22000000000.0,22000000000.0,22000000000.0,22000000000.0,16500000000.0,16500000000.0,16500000000.0,16500000000.0,16500000000.0,16500000000.0,16500000000.0,16500000000.0,16500000000.0,16500000000.0,16500000000.0,16500000000.0,16500000000.0,16500000000.0,16500000000.0,16500000000.0,16500000000.0,16500000000.0,16500000000.0,16500000000.0,16500000000.0,16500000000.0,16500000000.0,11000000000.0,11000000000.0,11000000000.0,11000000000.0,9412085457.0,9412085457.0,9412085457.0,9412085457.0,9412085457.0,9412085457.0,9412085457.0,9412085457.0,9412085457.0,8186737600.0,8186737600.0,8186737600.0,8186737600.0,8186737600.0,8186737600.0,8186737600.0,7856000000.0,7856000000.0,7856000000.0,7856000000.0,7856000000.0,7856000000.0,7856000000.0,5530000000.0
114,othEquityInstr,其他权益工具,其他权益工具,2,0,金额类,,,,,,,,,,,,,,,,,,,,,,,,,,,,,,,,,,,,,,,,,,,,,,,,,,,,,,,,,,,,,,,,,,,,,,,,,,,,,,,,,,,,,,,,,,
115,preferStockE,其他权益工具:优先股,  其他权益工具:优先股,2,0,金额类,,,,,,,,,,,,,,,,,,,,,,,,,,,,,,,,,,,,,,,,,,,,,,,,,,,,,,,,,,,,,,,,,,,,,,,,,,,,,,,,,,,,,,,,,,
116,perpeBondE,其他权益工具:永续债,  其他权益工具:永续债,2,0,金额类,,,,,,,,,,,,,,,,,,,,,,,,,,,,,,,,,,,,,,,,,,,,,,,,,,,,,,,,,,,,,,,,,,,,,,,,,,,,,,,,,,,,,,,,,,
117,capitalReser,资本公积,资本公积,2,0,金额类,,63983053684.3,63983053684.3,63717681344.83,63717681344.83,63785107020.74,63784504623.17,63491084072.03,63608165604.91,61981229943.94,61980494120.89,49069274456.57,96299421111.09,56943415698.77,56940549157.06,56908985588.9,56915340256.97,56904991031.88,56904991031.88,56928124174.94,56928124174.94,56047979667.24,44335375206.6,44364313786.27,44364313786.27,44326137745.76,44326137745.76,44295503166.39,44295503166.39,44243772434.35,44243169651.55,44296161065.01,44322910497.79,44292874096.39,44319141620.16,44226454317.65,44252595253.07,43933998781.83,43661387639.69,28549171977.42,52349171977.42,27835798070.34,27836494492.1,27816521305.26,27816521305.26,30638424482.96,30734395249.41,30532691216.29,27822309079.34,30879794312.71,30647480111.73,31226434250.73,31110419337.96,30326400630.92,30333082587.57,30995995344.79,30621685019.9,30020904711.71,31295747850.94,32205178933.05,32011750167.25,31997961508.15,37240581183.35,37604863034.36,37894382969.82,37398777210.06,19114757165.68,17807583841.08,18168173105.79,19088960456.28,20244253025.91,20874903323.27,22762314517.79,23203727527.21,20234124767.67,14341775235.68,14813901208.69,10198460823.05,10198460823.05,10198460823.05,10198460823.05,10198460823.05,10529198423.05,10529198423.05,10529198423.05,10529198423.05,10529198423.05,10529198423.05,10529198423.05,2969660944.24
118,treasuryShare,减:库存股,减:库存股,2,0,金额类,,,,,,,,,,,,,,,,,,,,,,,,,,,,,,,,,,,,,,,,,,,,,,,,,,,,,,,,,,,,,,,,,,,,,,,,,,,,,,,,,,,,,,,,,,
119,othCompreInc,其他综合收益,其他综合收益,2,0,金额类,,3630662992.58,3956752612.85,3508023081.86,3240228916.5,2733283829.81,2829641856.72,2204791713.08,2002638310.52,2280987411.93,2829620986.15,1516422408.81,1786297242.2,1617445043.06,1263662114.94,548094884.91,318915804.42,311938748.21,469345570.65,435981658.23,313556807.71,663735625.17,1709810836.9,2235614960.15,2352431567.6,2705149190.18,3036566172.55,2820524813.59,3187914292.67,3188631180.36,3189731875.26,3590712284.17,3698950231.1,3487660749.11,3535368866.55,3767618534.33,3440409201.9,3086010851.16,2503396718.87,2374356161.79,2702742280.4,2652024211.4,3869644584.32,3396262471.28,3511250475.02,,,,2753387436.78,,,,,,,,,,,,,,,,,,,,,,,,,,,,,,,,,,,,,,,,,
120,specialReser,专项储备,专项储备,2,0,金额类,,289068686.08,211323816.78,160355632.4,82402978.14,208428977.32,133179088.05,75268795.34,1138609.33,193968234.89,111634010.02,73029365.68,1815518.95,,,,,,,,,,,,,,,,,,,,,,,,,,,,,,,,,,,,,,,,,,,,,,,,,,,,,,,,,,,,,,,,,,,,,,,,,,,,,
121,surplusReser,盈余公积,盈余公积,2,0,金额类,,24968300565.59,24968300565.59,24968300565.59,24968300565.59,24967736455.15,24967736455.15,24967736455.15,24968300565.59,24967736455.15,24967736455.15,24967736455.15,24967736455.15,24319522433.93,24319522433.93,24319522433.93,24319522433.93,24319522433.93,24319522433.93,24319522433.93,24319522433.93,24319522433.93,24319522433.93,24319522433.93,24319522433.93,24319522433.93,24319522433.93,24319522433.93,24319522433.93,21790477026.69,21790477026.69,21790477026.69,21790477026.69,19463936245.63,19463936245.63,19463936245.63,19463936245.63,17779369562.28,17779369562.28,15851697987.1,17201068089.73,13578390377.98,13578390377.98,13578390377.98,13578390377.98,11133403748.4,11133403748.4,11133403748.4,11172521550.18,9353846555.4,9353846555.4,9353846555.4,9353846555.4,7249661996.14,7249661996.14,7249661996.14,7249661996.14,6109071251.54,6109071251.54,6109071251.54,6109071251.54,4485818295.3,4485818295.3,4485818295.3,4485818295.3,3586477619.39,3551104306.51,3551104306.51,3586494235.84,2769751368.25,2769751368.25,2769751368.25,2769751368.25,1695254791.17,1695254791.17,1695256355.99,1695254791.17,1332581457.62,1332581457.62,1332581457.62,1332581457.62,765007311.29,765007311.29,765007311.29,765007311.29,248382776.45,248382776.45,248382776.45,248382776.45,3996312.09
122,ordiRiskReser,一般风险准备,一般风险准备,2,0,金额类,,,,,,,,,,,,,,,,,,,,,,,,,,,,,,,,,,,,,,,,,,,,,,,,,,,,,,,,,,,,,,,,,,,,,,,,,,,,,,,,,,,,,,,,,,
123,retainEarnings,未分配利润,未分配利润,2,0,金额类,,103766521015.76,88932728262.63,98992364972.78,93811579374.91,94279534377.99,77617851533.97,90360113661.42,86404877655.08,83307861368.19,70666083283.45,85487999562.55,81875582795.77,77177753977.4,69523665827.7,79908536261.93,76768181760.95,71463023429.48,60477775595.48,70684418915.31,67815084345.02,61767646888.04,49419299048.56,58764427173.4,56473906836.25,51826270833.78,42566007360.03,51859608628.77,48400469257.13,46251538854.2,36851538929.89,46121312268.23,43289114811.42,41110391266.41,31459562556.92,41750247699.15,39042244267.58,37144327386.51,28486465606.44,29608224314.39,32012739500.22,27966080698.11,23672967509.95,26614772157.54,24728003586.16,24567764360.28,18511528561.75,20381311447.57,19930816677.65,20019034688.24,15301025727.01,18421891978.02,17924865710.27,18317475355.86,12523329972.2,14292072411.28,13878269308.24,13646132945.95,10004958288.14,12187406555.12,11539490118.67,12101482369.86,6919314913.18,8594120792.42,8479561133.92,8658512002.59,6595623856.23,7495611449.72,6816814621.79,6922931660.69,4994063715.87,6560683297.54,6309079207.27,6533080472.62,4272039078.25,4621694244.17,4225944848.65,3431704728.64,2279867637.68,2913608804.84,2509178253.13,2312897350.96,2519354924.63,3097373799.85,2754784950.49,2601888757.26,1632014943.89,703649018.22,1193180973.07,
124,forexDiffer,外币报表折算差额,外币报表折算差额,2,0,金额类,,,,,,,,,,,,,,,,,,,,,,,,,,,,,,,,,,,,,,,,,,,,,,-12356193.62,-12302531.01,-12416317.57,,-12479249.87,-11816316.9,-9857229.12,-9333931.36,-6429817.06,-8180006.38,-9343655.22,-9310936.86,,,,,,,,,,,,,,,,,,,,,,,,,,,,,,,,,
125,SEE,归属于母公司所有者权益的特殊项目,归属于母公司所有者权益的特殊项目,2,0,金额类,,,,,,,,,,,,,,,,,,,,,,,,,,,,,,,,,,,,,,,,,,,,,,,,,,,,,,,,,,,,,,,,,,,,,,,,,,,,,,,,,,,,,,,,960739339.77,,19511406.11
126,SEA,归属于母公司所有者权益的差错金额,归属于母公司所有者权益的差错金额,2,0,金额类,,,,,,,,,,,,,,,,,,,,,,,,,,,,,,,,,,,,,,,,,,,,,,,,,,,,,,,,,,,,,,,,,,,,,,,,,,,,,,,0.0,,,,,,,,,,,
127,tEquityAttrP,归属于母公司所有者权益合计,归属于母公司所有者权益合计,2,0,金额类,,221105824660.31,206520376658.15,215814943313.46,210288410895.97,210442308377.01,193801131273.06,205567212413.02,201453338461.43,197200001130.1,185023786571.66,184778243903.76,227672712353.16,182799996383.16,174789258763.63,184426998399.67,181063819486.27,175741334873.5,164913493861.94,175109906412.41,172118146991.6,165489884614.38,141784007525.99,151683878353.75,149510174624.05,145177080203.65,136248233712.27,145295159042.68,142203409150.12,137474419495.6,128074917483.39,137798662644.1,135101452567.0,130354862357.54,120778009289.26,131208256796.76,128199184968.18,123943706581.78,114430619527.28,92883450440.7,120765721847.77,88532293357.83,85457496964.35,87905946312.06,86134165744.42,82827236398.02,76867025028.55,78534990094.69,78179034743.95,76740196306.48,71790536077.24,75492315555.03,74879797672.27,72387108165.86,66597894549.53,69028386096.99,68240305387.42,66276108909.2,63909777390.62,67001656739.71,66160311537.46,65085262173.31,59645714391.83,61684802122.08,61859762399.04,60643766832.04,38673570785.42,38266385054.31,37983567420.42,38193728942.22,37420153567.03,39617423446.06,41253230550.31,40844148248.0,35613504094.09,28845463435.84,28921838448.51,23149484609.31,21997647518.35,22631388685.51,22226958133.8,21463103085.3,21669560658.97,22247579534.19,21904990684.83,21235469956.76,20265596143.39,20297969557.49,19826762172.57,8523168662.44
128,minorityInt,少数股东权益,少数股东权益,2,0,金额类,,11885963196.14,11950622111.37,11792211512.63,11711682817.79,11375378674.44,11177512210.6,11144542129.69,11087267355.07,11002097128.49,11068344991.14,10379614196.65,28344696784.03,10308308347.46,9918690804.43,9351797940.61,9224403402.43,2692811301.87,2749881183.35,2488778664.08,6203459484.14,1646848766.38,1704527585.56,509706097.82,505791900.93,494013204.78,486209011.41,481422565.17,481143916.91,457419978.39,448929884.53,445641313.49,417385232.14,415576887.04,413479878.02,396295531.85,327177270.68,337744905.93,39975883.25,38733987.79,12650482492.03,2414368.32,2451879.64,2337076.52,2328268.43,2279036.49,2328138.59,2209941.28,2201407.28,7839862.69,7705837.72,7636079.66,7467169.32,7407980.72,7406655.68,6139012.81,6115413.03,5665293.67,5538461.47,5151731.87,5191205.24,9272193.23,9073663.96,9205515.83,9275978.68,9379116.61,,,8453584.71,,,,,,,,,,,,,,,,,,,,,
129,othEffectSe,所有者权益的特殊项目,所有者权益的特殊项目,2,0,金额类,,,,,,,,,,,,,,,,,,,,,,,,,,,,,,,,,,,,,,,,,,,,,,,,,,,,,,,,,,,,,,,,,,,,,,,,,,,,,,,,,,,,,,,,,,
130,othEffectSa,所有者权益的差错金额,所有者权益的差错金额,2,0,金额类,,,,,,,,,,,,,,,,,,,,,,,,,,,,,,,,,,,,,,,,,,,,,,,,,,,,,,,,,,,,,,,,,,,,,,,,,,,,,,,,,,,,,,,,,,
131,tShEquity,所有者权益合计,所有者权益合计,2,0,金额类,,232991787856.45,218470998769.52,227607154826.09,222000093713.76,221817687051.45,204978643483.66,216711754542.71,212540605816.5,208202098258.59,196092131562.8,195157858100.41,256017409137.19,193108304730.62,184707949568.06,193778796340.28,190288222888.7,178434146175.37,167663375045.29,177598685076.49,178321606475.74,167136733380.76,143488535111.55,152193584451.57,150015966524.98,145671093408.43,136734442723.68,145776581607.85,142684553067.03,137931839473.99,128523847367.92,138244303957.59,135518837799.14,130770439244.58,121191489167.28,131604552328.61,128526362238.86,124281451487.71,114470595410.53,92922184428.49,133416204339.8,88534707726.15,85459948843.99,87908283388.58,86136494012.85,82829515434.51,76869353167.14,78537200035.97,78181236151.23,76748036169.17,71798241914.96,75499951634.69,74887264841.59,72394516146.58,66605301205.21,69034525109.8,68246420800.45,66281774202.87,63915315852.09,67006808471.58,66165502742.7,65094534366.54,59654788055.79,61694007637.91,61869038377.72,60653145948.65,38673570785.42,38266385054.31,37992021005.13,38193728942.22,37420153567.03,39617423446.06,41253230550.31,40844148248.0,35613504094.09,28845463435.84,28921838448.51,23149484609.31,21997647518.35,22631388685.51,22226958133.8,21463103085.3,21669560658.97,22247579534.19,21904990684.83,21235469956.76,20265596143.39,20297969557.49,19826762172.57,8523168662.44
132,LIAB_EQUITY,负债和所有者权益(或股东权益),负债和所有者权益(或股东权益),1,3,分组/标题,,,,,,,,,,,,,,,,,,,,,,,,,,,,,,,,,,,,,,,,,,,,,,,,,,,,,,,,,,,,,,,,,,,,,,,,,,,,,,,,,,,,,,,,,,
133,LEE,负债和所有者权益的特殊项目,负债和所有者权益的特殊项目,2,0,金额类,,,,,,,,,,,,,,,,,,,,,,,,,,,,,,,,,,,,,,,,,,,,,,,,,,,,,,,,,,,,,,,,,,,,,,,,,,,,,,,,,,,,,,,,,,
134,LEA,负债和所有者权益的差错金额,负债和所有者权益的差错金额,2,0,金额类,,,,,,,,,,,,,,,,,,,,,,,,,,,,,,,,,,,,,,,,,,,,,,,,,,,,,,,,,,,,,,,,,,,,,,,,,,,,,,,0.0,,,,,,,,,,,
135,tLiaEquity,负债和所有者权益总计,负债和所有者权益总计,2,0,金额类,,568769002805.71,567701122129.66,564070937689.35,566393239170.23,569350046659.26,574502100816.12,568667686891.1,572938869543.08,578872092340.74,577089474242.81,580000149231.43,578453569418.28,327021197372.4,335260890148.82,325667232636.13,328563281639.2,335322153790.87,332083972866.5,327280823000.86,330827096559.03,344971594903.56,332719000783.99,296647943837.66,296482881040.89,294572816740.64,298317440492.07,295899561315.14,295496988645.53,300470258456.23,299613858862.32,297382844936.74,299398220115.42,305887547731.59,301509494153.09,300481795563.91,298894931938.4,302306614147.98,304868653640.14,141226482198.89,304517432817.19,143832141867.75,144727699774.33,147493877550.38,146994120608.48,150213208442.04,149098517553.51,147692579381.8,149607197273.74,155450368347.79,156367177118.94,156072017938.0,155232845496.78,159042382787.07,157250307214.96,155665731233.43,158385026444.24,161098919265.48,154521389877.94,159396929986.64,157461147748.0,162547635237.94,159976346977.34,158141601751.41,161860785499.55,168471162759.86,60690782202.6,57695883886.13,58325248120.34,62358603367.56,61430408833.81,61116013006.36,64314083270.88,71319609992.91,61374956005.38,49218087970.35,47635885017.7,40960127101.93,40132812023.9,39772697995.69,39356806930.2,43938837752.79,43275761919.25,42515215045.69,33134245966.33,33106762984.76,31363862310.01,30268858617.55,29616558475.99,9911857317.22
